> Task :expo-gradle-plugin:expo-autolinking-settings-plugin:checkKotlinGradlePluginConfigurationErrors SKIPPED
> Task :expo-gradle-plugin:expo-autolinking-plugin-shared:checkKotlinGradlePluginConfigurationErrors SKIPPED
> Task :gradle-plugin:shared:checkKotlinGradlePluginConfigurationErrors SKIPPED
> Task :gradle-plugin:settings-plugin:checkKotlinGradlePluginConfigurationErrors SKIPPED
> Task :expo-gradle-plugin:expo-autolinking-settings-plugin:pluginDescriptors
> Task :gradle-plugin:settings-plugin:pluginDescriptors
> Task :expo-gradle-plugin:expo-autolinking-settings-plugin:processResources
> Task :gradle-plugin:settings-plugin:processResources
> Task :gradle-plugin:shared:processResources NO-SOURCE
> Task :expo-gradle-plugin:expo-autolinking-plugin-shared:processResources NO-SOURCE
> Task :gradle-plugin:shared:compileKotlin
> Task :gradle-plugin:shared:compileJava NO-SOURCE
> Task :gradle-plugin:shared:classes UP-TO-DATE
> Task :gradle-plugin:shared:jar
> Task :expo-gradle-plugin:expo-autolinking-plugin-shared:compileKotlin
> Task :expo-gradle-plugin:expo-autolinking-plugin-shared:compileJava NO-SOURCE
> Task :expo-gradle-plugin:expo-autolinking-plugin-shared:classes UP-TO-DATE
> Task :expo-gradle-plugin:expo-autolinking-plugin-shared:jar
> Task :gradle-plugin:settings-plugin:compileKotlin
> Task :gradle-plugin:settings-plugin:compileJava NO-SOURCE
> Task :gradle-plugin:settings-plugin:classes
> Task :gradle-plugin:settings-plugin:jar
> Task :expo-gradle-plugin:expo-autolinking-settings-plugin:compileKotlin
> Task :expo-gradle-plugin:expo-autolinking-settings-plugin:compileJava NO-SOURCE
> Task :expo-gradle-plugin:expo-autolinking-settings-plugin:classes
> Task :expo-gradle-plugin:expo-autolinking-settings-plugin:jar
> Task :expo-gradle-plugin:expo-autolinking-plugin:checkKotlinGradlePluginConfigurationErrors SKIPPED
> Task :gradle-plugin:react-native-gradle-plugin:checkKotlinGradlePluginConfigurationErrors SKIPPED
> Task :expo-gradle-plugin:expo-max-sdk-override-plugin:checkKotlinGradlePluginConfigurationErrors SKIPPED
> Task :expo-module-gradle-plugin:checkKotlinGradlePluginConfigurationErrors SKIPPED
> Task :expo-module-gradle-plugin:pluginDescriptors UP-TO-DATE
> Task :expo-module-gradle-plugin:processResources UP-TO-DATE
> Task :expo-gradle-plugin:expo-max-sdk-override-plugin:pluginDescriptors
> Task :expo-gradle-plugin:expo-autolinking-plugin:pluginDescriptors
> Task :expo-gradle-plugin:expo-max-sdk-override-plugin:processResources
> Task :expo-gradle-plugin:expo-autolinking-plugin:processResources
> Task :gradle-plugin:react-native-gradle-plugin:pluginDescriptors
> Task :gradle-plugin:react-native-gradle-plugin:processResources
> Task :expo-gradle-plugin:expo-max-sdk-override-plugin:compileKotlin
> Task :expo-gradle-plugin:expo-max-sdk-override-plugin:compileJava NO-SOURCE
> Task :expo-gradle-plugin:expo-max-sdk-override-plugin:classes
> Task :expo-gradle-plugin:expo-autolinking-plugin:compileKotlin
> Task :expo-gradle-plugin:expo-autolinking-plugin:compileJava NO-SOURCE
> Task :expo-gradle-plugin:expo-autolinking-plugin:classes
> Task :expo-gradle-plugin:expo-max-sdk-override-plugin:jar
> Task :expo-gradle-plugin:expo-autolinking-plugin:jar
> Task :gradle-plugin:react-native-gradle-plugin:compileKotlin
> Task :gradle-plugin:react-native-gradle-plugin:compileJava NO-SOURCE
> Task :gradle-plugin:react-native-gradle-plugin:classes
> Task :gradle-plugin:react-native-gradle-plugin:jar
> Task :expo-module-gradle-plugin:compileKotlin UP-TO-DATE
> Task :expo-module-gradle-plugin:compileJava NO-SOURCE
> Task :expo-module-gradle-plugin:classes UP-TO-DATE
> Task :expo-module-gradle-plugin:jar UP-TO-DATE

> Configure project :
[32m[ExpoRootProject][0m Using the following versions:
  - buildTools:  [32m36.0.0[0m
  - minSdk:      [32m24[0m
  - compileSdk:  [32m36[0m
  - targetSdk:   [32m36[0m
  - ndk:         [32m27.1.12297006[0m
  - kotlin:      [32m2.1.20[0m
  - ksp:         [32m2.1.20-2.0.1[0m

> Configure project :app
 ??  [33mApplying gradle plugin[0m '[32mexpo-max-sdk-override-plugin[0m'
  [expo-max-sdk-override-plugin] This plugin will find all permissions declared with `android:maxSdkVersion`. If there exists a declaration with the `android:maxSdkVersion` annotation and another one without, the plugin will remove the annotation from the final merged manifest. In order to see a log with the changes run a clean build of the app.

> Configure project :expo

Using expo modules
  - [32mexpo-log-box[0m (57.0.4)
  - [32mexpo-constants[0m (57.0.17)

> Configure project :expo-modules-core
Linking react-native-worklets native libs into expo-modules-core build tasks
task ':react-native-worklets:mergeDebugNativeLibs'
task ':react-native-worklets:mergeReleaseNativeLibs'

> Configure project :expo
  - [32mexpo-modules-core[0m (57.0.19)
  - [33m[?][0m [32mexpo-dom-webview[0m (57.0.1)
  - [33m[?][0m [32mexpo-ui[0m (57.0.20)
  - [33m[?][0m [32mexpo-asset[0m (57.0.18)
  - [33m[?][0m [32mexpo-blur[0m (57.0.2)
  - [33m[?][0m [32mexpo-file-system[0m (57.0.7)
  - [33m[?][0m [32mexpo-font[0m (57.0.3)
  - [33m[?][0m [32mexpo-haptics[0m (57.0.2)
  - [33m[?][0m [32mexpo-image[0m (57.0.4)
  - [33m[?][0m [32mexpo-keep-awake[0m (57.0.2)
  - [33m[?][0m [32mexpo-linear-gradient[0m (57.0.1)
  - [33m[?][0m [32mexpo-linking[0m (57.0.9)
  - [33m[?][0m [32mexpo-router[0m (57.0.18)
  - [33m[?][0m [32mexpo-secure-store[0m (57.0.3)
  - [33m[?][0m [32mexpo-splash-screen[0m (57.0.8)
  - [33m[?][0m [32mexpo-status-bar[0m (57.0.1)
  - [33m[?][0m [32mexpo-system-ui[0m (57.0.3)
  - [33m[?][0m [32mexpo-web-browser[0m (57.0.2)


> Task :expo-log-box:preBuild UP-TO-DATE
> Task :expo-modules-core:preBuild UP-TO-DATE
> Task :react-native-masked-view_masked-view:preBuild UP-TO-DATE
> Task :expo:generatePackagesList UP-TO-DATE
> Task :expo:preBuild UP-TO-DATE
> Task :react-native-vector-icons_ionicons:copyFonts UP-TO-DATE
> Task :app:generateAutolinkingNewArchitectureFiles
> Task :app:generateAutolinkingPackageList
> Task :app:generateCodegenSchemaFromJavaScript SKIPPED
> Task :app:generateCodegenArtifactsFromSchema SKIPPED
> Task :app:generateReactNativeEntryPoint
> Task :expo:preReleaseBuild UP-TO-DATE
> Task :react-native-reanimated:assertMinimalReactNativeVersionTask

> Task :expo-constants:createExpoConfig
The NODE_ENV environment variable is required but was not specified. Ensure the project is bundled with Expo CLI or NODE_ENV is set. Using only .env.local and .env

> Task :react-native-worklets:assertMinimalReactNativeVersionTask
> Task :react-native-reanimated:assertWorkletsVersionTask
> Task :expo:mergeReleaseJniLibFolders
> Task :expo:mergeReleaseNativeLibs NO-SOURCE
> Task :expo:copyReleaseJniLibsProjectOnly
> Task :expo-log-box:preReleaseBuild UP-TO-DATE
> Task :expo-log-box:mergeReleaseJniLibFolders
> Task :expo-log-box:mergeReleaseNativeLibs NO-SOURCE
> Task :expo-log-box:copyReleaseJniLibsProjectOnly
> Task :expo-modules-core:preReleaseBuild UP-TO-DATE
> Task :expo-modules-core:mergeReleaseJniLibFolders
> Task :react-native-masked-view_masked-view:preReleaseBuild UP-TO-DATE
> Task :react-native-masked-view_masked-view:mergeReleaseJniLibFolders
> Task :react-native-masked-view_masked-view:mergeReleaseNativeLibs NO-SOURCE
> Task :react-native-masked-view_masked-view:copyReleaseJniLibsProjectOnly
> Task :expo:checkKotlinGradlePluginConfigurationErrors SKIPPED
> Task :expo:generateReleaseBuildConfig
> Task :expo:generateReleaseResValues
> Task :expo:generateReleaseResources
> Task :expo:packageReleaseResources
> Task :expo-constants:preBuild
> Task :expo-constants:preReleaseBuild
> Task :expo-constants:mergeReleaseJniLibFolders
> Task :expo-constants:mergeReleaseNativeLibs NO-SOURCE
> Task :expo-constants:copyReleaseJniLibsProjectOnly
> Task :expo-constants:checkKotlinGradlePluginConfigurationErrors SKIPPED
> Task :expo-constants:generateReleaseBuildConfig
> Task :expo-constants:generateReleaseResValues
> Task :expo-constants:generateReleaseResources
> Task :expo-constants:packageReleaseResources
> Task :expo:parseReleaseLocalResources
> Task :expo-constants:parseReleaseLocalResources
> Task :expo:generateReleaseRFile
> Task :expo-constants:generateReleaseRFile
> Task :expo-modules-core:checkKotlinGradlePluginConfigurationErrors SKIPPED
> Task :expo-constants:javaPreCompileRelease
> Task :expo-modules-core:generateReleaseBuildConfig
> Task :expo-log-box:checkKotlinGradlePluginConfigurationErrors SKIPPED
> Task :expo-modules-core:generateReleaseResValues
> Task :expo-log-box:generateReleaseBuildConfig
> Task :expo-modules-core:generateReleaseResources
> Task :expo-log-box:generateReleaseResValues
> Task :expo-log-box:generateReleaseResources
> Task :expo-modules-core:packageReleaseResources
> Task :expo-log-box:packageReleaseResources
> Task :expo-modules-core:javaPreCompileRelease
> Task :expo-modules-core:parseReleaseLocalResources
> Task :expo-log-box:parseReleaseLocalResources
> Task :expo-modules-core:generateReleaseRFile
> Task :expo:javaPreCompileRelease
> Task :expo-log-box:javaPreCompileRelease
> Task :expo-log-box:generateReleaseRFile
> Task :react-native-masked-view_masked-view:generateReleaseBuildConfig
> Task :react-native-masked-view_masked-view:generateReleaseResValues
> Task :react-native-masked-view_masked-view:generateReleaseResources
> Task :react-native-masked-view_masked-view:packageReleaseResources
> Task :react-native-masked-view_masked-view:parseReleaseLocalResources
> Task :react-native-masked-view_masked-view:generateReleaseRFile
> Task :react-native-masked-view_masked-view:javaPreCompileRelease

> Task :react-native-vector-icons_ionicons:generateCodegenSchemaFromJavaScript
No modules to process in combine-js-to-schema-cli. If this is unexpected, please check if you set up your NativeComponent correctly. See combine-js-to-schema.js for how codegen finds modules.

> Task :react-native-worklets:generateCodegenSchemaFromJavaScript
> Task :react-native-reanimated:generateCodegenSchemaFromJavaScript
> Task :react-native-async-storage_async-storage:generateCodegenSchemaFromJavaScript
> Task :react-native-gesture-handler:generateCodegenSchemaFromJavaScript
> Task :react-native-safe-area-context:generateCodegenSchemaFromJavaScript
> Task :app:buildKotlinToolingMetadata
> Task :app:checkKotlinGradlePluginConfigurationErrors SKIPPED
> Task :react-native-keyboard-controller:generateCodegenSchemaFromJavaScript
> Task :react-native-webview:generateCodegenSchemaFromJavaScript
> Task :react-native-screens:generateCodegenSchemaFromJavaScript
> Task :react-native-svg:generateCodegenSchemaFromJavaScript
> Task :expo:writeReleaseAarMetadata
> Task :expo-constants:writeReleaseAarMetadata
> Task :expo-log-box:writeReleaseAarMetadata
> Task :expo-modules-core:writeReleaseAarMetadata
> Task :react-native-vector-icons_ionicons:generateCodegenArtifactsFromSchema
> Task :react-native-vector-icons_ionicons:preBuild
> Task :react-native-vector-icons_ionicons:preReleaseBuild
> Task :react-native-worklets:generateCodegenArtifactsFromSchema
> Task :react-native-reanimated:generateCodegenArtifactsFromSchema
> Task :react-native-async-storage_async-storage:generateCodegenArtifactsFromSchema
> Task :react-native-async-storage_async-storage:preBuild
> Task :react-native-async-storage_async-storage:preReleaseBuild
> Task :react-native-vector-icons_ionicons:mergeReleaseJniLibFolders
> Task :react-native-vector-icons_ionicons:mergeReleaseNativeLibs NO-SOURCE
> Task :react-native-webview:generateCodegenArtifactsFromSchema
> Task :react-native-keyboard-controller:generateCodegenArtifactsFromSchema
> Task :react-native-gesture-handler:generateCodegenArtifactsFromSchema
> Task :react-native-webview:preBuild
> Task :react-native-webview:preReleaseBuild
> Task :react-native-gesture-handler:preBuild
> Task :react-native-keyboard-controller:preBuild
> Task :react-native-gesture-handler:preReleaseBuild
> Task :react-native-keyboard-controller:preReleaseBuild
> Task :react-native-vector-icons_ionicons:copyReleaseJniLibsProjectOnly
> Task :react-native-vector-icons_ionicons:checkKotlinGradlePluginConfigurationErrors SKIPPED
> Task :react-native-async-storage_async-storage:mergeReleaseJniLibFolders
> Task :react-native-async-storage_async-storage:mergeReleaseNativeLibs NO-SOURCE
> Task :react-native-webview:mergeReleaseJniLibFolders
> Task :react-native-webview:mergeReleaseNativeLibs NO-SOURCE
> Task :react-native-gesture-handler:mergeReleaseJniLibFolders
> Task :react-native-gesture-handler:checkKotlinGradlePluginConfigurationErrors SKIPPED
> Task :react-native-keyboard-controller:mergeReleaseJniLibFolders
> Task :react-native-keyboard-controller:mergeReleaseNativeLibs NO-SOURCE
> Task :react-native-safe-area-context:generateCodegenArtifactsFromSchema
> Task :react-native-safe-area-context:preBuild
> Task :react-native-safe-area-context:preReleaseBuild
> Task :react-native-async-storage_async-storage:copyReleaseJniLibsProjectOnly
> Task :react-native-vector-icons_ionicons:generateReleaseBuildConfig
> Task :react-native-webview:copyReleaseJniLibsProjectOnly
> Task :react-native-vector-icons_ionicons:generateReleaseResValues
> Task :react-native-webview:checkKotlinGradlePluginConfigurationErrors SKIPPED
> Task :react-native-keyboard-controller:copyReleaseJniLibsProjectOnly
> Task :react-native-keyboard-controller:checkKotlinGradlePluginConfigurationErrors SKIPPED
> Task :react-native-gesture-handler:generateReleaseBuildConfig
> Task :react-native-safe-area-context:mergeReleaseJniLibFolders
> Task :react-native-async-storage_async-storage:generateReleaseBuildConfig
> Task :react-native-safe-area-context:mergeReleaseNativeLibs NO-SOURCE
> Task :react-native-gesture-handler:generateReleaseResValues
> Task :react-native-webview:generateReleaseBuildConfig
> Task :react-native-async-storage_async-storage:generateReleaseResValues
> Task :react-native-webview:generateReleaseResValues
> Task :react-native-safe-area-context:copyReleaseJniLibsProjectOnly
> Task :react-native-safe-area-context:checkKotlinGradlePluginConfigurationErrors SKIPPED
> Task :react-native-vector-icons_ionicons:generateReleaseResources
> Task :react-native-keyboard-controller:generateReleaseBuildConfig
> Task :react-native-keyboard-controller:generateReleaseResValues
> Task :react-native-async-storage_async-storage:generateReleaseResources
> Task :react-native-gesture-handler:generateReleaseResources
> Task :react-native-safe-area-context:generateReleaseBuildConfig
> Task :react-native-safe-area-context:generateReleaseResValues
> Task :react-native-vector-icons_ionicons:packageReleaseResources
> Task :react-native-async-storage_async-storage:packageReleaseResources
> Task :react-native-screens:generateCodegenArtifactsFromSchema
> Task :react-native-screens:preBuild
> Task :react-native-screens:preReleaseBuild
> Task :react-native-svg:generateCodegenArtifactsFromSchema
> Task :react-native-svg:preBuild
> Task :react-native-svg:preReleaseBuild
> Task :react-native-vector-icons_ionicons:parseReleaseLocalResources
> Task :react-native-gesture-handler:packageReleaseResources
> Task :react-native-async-storage_async-storage:parseReleaseLocalResources
> Task :react-native-keyboard-controller:generateReleaseResources
> Task :react-native-safe-area-context:generateReleaseResources
> Task :react-native-gesture-handler:parseReleaseLocalResources
> Task :react-native-gesture-handler:javaPreCompileRelease
> Task :react-native-svg:mergeReleaseJniLibFolders
> Task :react-native-vector-icons_ionicons:javaPreCompileRelease
> Task :react-native-svg:mergeReleaseNativeLibs NO-SOURCE
> Task :react-native-svg:copyReleaseJniLibsProjectOnly
> Task :react-native-async-storage_async-storage:generateReleaseRFile
> Task :react-native-async-storage_async-storage:javaPreCompileRelease
> Task :react-native-vector-icons_ionicons:generateReleaseRFile
> Task :react-native-gesture-handler:generateReleaseRFile
> Task :react-native-svg:generateReleaseBuildConfig
> Task :react-native-safe-area-context:packageReleaseResources
> Task :react-native-svg:generateReleaseResValues
> Task :react-native-svg:generateReleaseResources
> Task :react-native-safe-area-context:parseReleaseLocalResources
> Task :react-native-gesture-handler:writeReleaseAarMetadata
> Task :expo:extractDeepLinksRelease
> Task :react-native-safe-area-context:javaPreCompileRelease
> Task :react-native-safe-area-context:writeReleaseAarMetadata
> Task :react-native-svg:packageReleaseResources
> Task :react-native-safe-area-context:generateReleaseRFile
> Task :react-native-svg:parseReleaseLocalResources
> Task :react-native-webview:generateReleaseResources
> Task :react-native-svg:javaPreCompileRelease
> Task :react-native-svg:generateReleaseRFile
> Task :react-native-worklets:prepareWorkletsHeadersForPrefabs
> Task :react-native-worklets:preBuild
> Task :react-native-worklets:preReleaseBuild
> Task :expo:processReleaseManifest
> Task :expo-constants:extractDeepLinksRelease

> Task :react-native-screens:configureCMakeRelWithDebInfo[arm64-v8a]
[CXX5304] This version only understands SDK XML versions up to 3 but an SDK XML file of version 4 was encountered. This can happen if you use versions of Android Studio and the command-line tools that were released at different times.
[CXX5304] This version only understands SDK XML versions up to 3 but an SDK XML file of version 4 was encountered. This can happen if you use versions of Android Studio and the command-line tools that were released at different times.

> Task :react-native-webview:packageReleaseResources
> Task :react-native-keyboard-controller:packageReleaseResources
> Task :react-native-reanimated:prepareReanimatedHeadersForPrefabs
> Task :react-native-reanimated:preBuild
> Task :react-native-reanimated:preReleaseBuild
> Task :react-native-keyboard-controller:parseReleaseLocalResources
> Task :react-native-webview:parseReleaseLocalResources
> Task :expo-constants:processReleaseManifest
> Task :react-native-keyboard-controller:javaPreCompileRelease
> Task :react-native-webview:javaPreCompileRelease
> Task :react-native-reanimated:mergeReleaseJniLibFolders
> Task :react-native-reanimated:checkKotlinGradlePluginConfigurationErrors SKIPPED
> Task :react-native-keyboard-controller:generateReleaseRFile
> Task :react-native-keyboard-controller:writeReleaseAarMetadata
> Task :react-native-reanimated:generateReleaseBuildConfig
> Task :react-native-webview:writeReleaseAarMetadata
> Task :react-native-reanimated:generateReleaseResValues
> Task :expo-log-box:extractDeepLinksRelease
> Task :react-native-webview:generateReleaseRFile
> Task :react-native-reanimated:generateReleaseResources
> Task :react-native-reanimated:packageReleaseResources
> Task :react-native-reanimated:parseReleaseLocalResources
> Task :expo-log-box:processReleaseManifest
> Task :react-native-vector-icons_ionicons:writeReleaseAarMetadata
> Task :react-native-reanimated:generateReleaseRFile
> Task :expo-modules-core:extractDeepLinksRelease

> Task :expo-modules-core:processReleaseManifest
D:\countyGreen\node_modules\expo-modules-core\android\src\main\AndroidManifest.xml:8:9-11:45 Warning:
	meta-data#com.facebook.soloader.enabled@android:value was tagged at AndroidManifest.xml:8 to replace other declarations but no other declaration present

> Task :react-native-reanimated:javaPreCompileRelease
> Task :react-native-reanimated:writeReleaseAarMetadata
> Task :react-native-gesture-handler:extractDeepLinksRelease
> Task :react-native-reanimated:extractDeepLinksRelease
> Task :react-native-gesture-handler:processReleaseManifest
> Task :react-native-reanimated:processReleaseManifest
> Task :react-native-vector-icons_ionicons:extractDeepLinksRelease
> Task :react-native-safe-area-context:extractDeepLinksRelease

> Task :react-native-safe-area-context:processReleaseManifest
package="com.th3rdwave.safeareacontext" found in source AndroidManifest.xml: D:\countyGreen\node_modules\react-native-safe-area-context\android\src\main\AndroidManifest.xml.
Setting the namespace via the package attribute in the source AndroidManifest.xml is no longer supported, and the value is ignored.
Recommendation: remove package="com.th3rdwave.safeareacontext" from the source AndroidManifest.xml: D:\countyGreen\node_modules\react-native-safe-area-context\android\src\main\AndroidManifest.xml.

> Task :react-native-vector-icons_ionicons:processReleaseManifest
> Task :expo:compileReleaseLibraryResources
> Task :expo-constants:compileReleaseLibraryResources
> Task :react-native-webview:extractDeepLinksRelease
> Task :react-native-keyboard-controller:extractDeepLinksRelease

> Task :react-native-keyboard-controller:processReleaseManifest
package="com.reactnativekeyboardcontroller" found in source AndroidManifest.xml: D:\countyGreen\node_modules\react-native-keyboard-controller\android\src\main\AndroidManifest.xml.
Setting the namespace via the package attribute in the source AndroidManifest.xml is no longer supported, and the value is ignored.
Recommendation: remove package="com.reactnativekeyboardcontroller" from the source AndroidManifest.xml: D:\countyGreen\node_modules\react-native-keyboard-controller\android\src\main\AndroidManifest.xml.

> Task :expo-log-box:compileReleaseLibraryResources
> Task :react-native-webview:processReleaseManifest
> Task :expo-modules-core:compileReleaseLibraryResources
> Task :react-native-gesture-handler:compileReleaseLibraryResources
> Task :react-native-keyboard-controller:compileReleaseLibraryResources
> Task :react-native-reanimated:compileReleaseLibraryResources
> Task :react-native-safe-area-context:compileReleaseLibraryResources
> Task :react-native-vector-icons_ionicons:compileReleaseLibraryResources
> Task :react-native-masked-view_masked-view:compileReleaseJavaWithJavac
> Task :expo:prepareReleaseArtProfile
> Task :expo-constants:prepareReleaseArtProfile
> Task :expo-log-box:prepareReleaseArtProfile
> Task :expo-modules-core:prepareReleaseArtProfile
> Task :react-native-gesture-handler:prepareReleaseArtProfile
> Task :react-native-keyboard-controller:prepareReleaseArtProfile
> Task :react-native-reanimated:prepareReleaseArtProfile
> Task :react-native-safe-area-context:prepareReleaseArtProfile
> Task :react-native-vector-icons_ionicons:prepareReleaseArtProfile
> Task :react-native-webview:prepareReleaseArtProfile
> Task :expo:mergeReleaseShaders
> Task :expo:compileReleaseShaders NO-SOURCE
> Task :expo:generateReleaseAssets UP-TO-DATE
> Task :expo:mergeReleaseAssets
> Task :expo-constants:mergeReleaseShaders
> Task :expo-constants:compileReleaseShaders NO-SOURCE
> Task :expo-constants:generateReleaseAssets UP-TO-DATE
> Task :expo-constants:mergeReleaseAssets
> Task :expo-log-box:mergeReleaseShaders
> Task :expo-log-box:compileReleaseShaders NO-SOURCE
> Task :expo-log-box:generateReleaseAssets UP-TO-DATE
> Task :expo-log-box:mergeReleaseAssets
> Task :expo-modules-core:mergeReleaseShaders
> Task :expo-modules-core:compileReleaseShaders NO-SOURCE
> Task :expo-modules-core:generateReleaseAssets UP-TO-DATE
> Task :expo-modules-core:mergeReleaseAssets
> Task :react-native-gesture-handler:mergeReleaseShaders
> Task :react-native-gesture-handler:compileReleaseShaders NO-SOURCE
> Task :react-native-gesture-handler:generateReleaseAssets UP-TO-DATE
> Task :react-native-gesture-handler:mergeReleaseAssets
> Task :react-native-webview:compileReleaseLibraryResources
> Task :react-native-keyboard-controller:mergeReleaseShaders
> Task :react-native-reanimated:mergeReleaseShaders
> Task :react-native-keyboard-controller:compileReleaseShaders NO-SOURCE
> Task :react-native-reanimated:compileReleaseShaders NO-SOURCE
> Task :react-native-keyboard-controller:generateReleaseAssets UP-TO-DATE
> Task :react-native-reanimated:generateReleaseAssets UP-TO-DATE
> Task :react-native-reanimated:mergeReleaseAssets
> Task :react-native-keyboard-controller:mergeReleaseAssets
> Task :react-native-safe-area-context:mergeReleaseShaders
> Task :react-native-safe-area-context:compileReleaseShaders NO-SOURCE
> Task :react-native-safe-area-context:generateReleaseAssets UP-TO-DATE
> Task :react-native-vector-icons_ionicons:mergeReleaseShaders
> Task :react-native-vector-icons_ionicons:compileReleaseShaders NO-SOURCE
> Task :react-native-vector-icons_ionicons:generateReleaseAssets UP-TO-DATE
> Task :react-native-safe-area-context:mergeReleaseAssets
> Task :react-native-webview:mergeReleaseShaders
> Task :react-native-webview:compileReleaseShaders NO-SOURCE
> Task :react-native-vector-icons_ionicons:mergeReleaseAssets
> Task :react-native-webview:generateReleaseAssets UP-TO-DATE
> Task :react-native-webview:mergeReleaseAssets
> Task :expo:extractProguardFiles
> Task :expo-constants:extractProguardFiles
> Task :expo-modules-core:extractProguardFiles
> Task :expo-constants:prepareLintJarForPublish
> Task :expo-modules-core:prepareLintJarForPublish
> Task :expo:prepareLintJarForPublish
> Task :expo-log-box:extractProguardFiles
> Task :expo-log-box:prepareLintJarForPublish
> Task :react-native-gesture-handler:extractProguardFiles
> Task :react-native-reanimated:extractProguardFiles
> Task :react-native-gesture-handler:prepareLintJarForPublish
> Task :react-native-reanimated:prepareLintJarForPublish
> Task :react-native-keyboard-controller:extractProguardFiles
> Task :react-native-keyboard-controller:prepareLintJarForPublish
> Task :react-native-safe-area-context:extractProguardFiles
> Task :react-native-vector-icons_ionicons:extractProguardFiles
> Task :react-native-safe-area-context:prepareLintJarForPublish
> Task :react-native-vector-icons_ionicons:prepareLintJarForPublish
> Task :react-native-vector-icons_ionicons:stripReleaseDebugSymbols NO-SOURCE
> Task :react-native-webview:extractProguardFiles
> Task :react-native-webview:prepareLintJarForPublish
> Task :react-native-vector-icons_ionicons:copyReleaseJniLibsProjectAndLocalJars
> Task :react-native-gesture-handler:extractDeepLinksForAarRelease
> Task :react-native-vector-icons_ionicons:extractDeepLinksForAarRelease
> Task :react-native-keyboard-controller:stripReleaseDebugSymbols NO-SOURCE
> Task :react-native-reanimated:extractDeepLinksForAarRelease
> Task :react-native-safe-area-context:stripReleaseDebugSymbols NO-SOURCE
> Task :react-native-keyboard-controller:copyReleaseJniLibsProjectAndLocalJars
> Task :app:createBundleReleaseJsAndAssets
> Task :react-native-safe-area-context:copyReleaseJniLibsProjectAndLocalJars
> Task :react-native-keyboard-controller:extractDeepLinksForAarRelease
> Task :react-native-safe-area-context:extractDeepLinksForAarRelease
> Task :react-native-webview:stripReleaseDebugSymbols NO-SOURCE
> Task :expo:stripReleaseDebugSymbols NO-SOURCE
> Task :react-native-webview:copyReleaseJniLibsProjectAndLocalJars
> Task :expo:copyReleaseJniLibsProjectAndLocalJars
> Task :react-native-webview:extractDeepLinksForAarRelease
> Task :expo:extractDeepLinksForAarRelease
> Task :expo-log-box:stripReleaseDebugSymbols NO-SOURCE
> Task :expo-modules-core:extractDeepLinksForAarRelease
> Task :expo-constants:stripReleaseDebugSymbols NO-SOURCE
> Task :expo-log-box:copyReleaseJniLibsProjectAndLocalJars
> Task :expo-log-box:extractDeepLinksForAarRelease
> Task :expo-constants:copyReleaseJniLibsProjectAndLocalJars
> Task :expo-constants:extractDeepLinksForAarRelease
> Task :expo-log-box:writeReleaseLintModelMetadata
> Task :expo-constants:writeReleaseLintModelMetadata
> Task :expo-modules-core:writeReleaseLintModelMetadata
> Task :expo:writeReleaseLintModelMetadata
> Task :react-native-gesture-handler:writeReleaseLintModelMetadata
> Task :react-native-reanimated:writeReleaseLintModelMetadata
> Task :react-native-safe-area-context:writeReleaseLintModelMetadata
> Task :react-native-keyboard-controller:writeReleaseLintModelMetadata

> Task :react-native-masked-view_masked-view:compileReleaseJavaWithJavac
Note: D:\countyGreen\node_modules\@react-native-masked-view\masked-view\android\src\main\java\org\reactnative\maskedview\RNCMaskedViewPackage.java uses or overrides a deprecated API.
Note: Recompile with -Xlint:deprecation for details.

> Task :react-native-webview:writeReleaseLintModelMetadata
> Task :react-native-vector-icons_ionicons:writeReleaseLintModelMetadata
> Task :expo-constants:mapReleaseSourceSetPaths
> Task :expo-constants:mergeReleaseResources

> Task :react-native-async-storage_async-storage:compileReleaseJavaWithJavac
Note: Some input files use or override a deprecated API.
Note: Recompile with -Xlint:deprecation for details.
Note: D:\countyGreen\node_modules\@react-native-async-storage\async-storage\android\src\javaPackage\java\com\reactnativecommunity\asyncstorage\AsyncStoragePackage.java uses unchecked or unsafe operations.
Note: Recompile with -Xlint:unchecked for details.

> Task :react-native-vector-icons_ionicons:compileReleaseKotlin
> Task :react-native-safe-area-context:compileReleaseKotlin
> Task :react-native-svg:compileReleaseJavaWithJavac
> Task :react-native-worklets:configureCMakeRelWithDebInfo[arm64-v8a]
> Task :expo-log-box:mapReleaseSourceSetPaths
> Task :expo-constants:verifyReleaseResources
> Task :react-native-async-storage_async-storage:writeReleaseAarMetadata
> Task :react-native-masked-view_masked-view:bundleLibRuntimeToDirRelease
> Task :react-native-masked-view_masked-view:writeReleaseAarMetadata
> Task :react-native-async-storage_async-storage:extractDeepLinksRelease
> Task :react-native-keyboard-controller:compileReleaseKotlin
> Task :react-native-webview:compileReleaseKotlin
> Task :react-native-async-storage_async-storage:bundleLibRuntimeToDirRelease

> Task :react-native-async-storage_async-storage:processReleaseManifest
package="com.reactnativecommunity.asyncstorage" found in source AndroidManifest.xml: D:\countyGreen\node_modules\@react-native-async-storage\async-storage\android\src\main\AndroidManifest.xml.
Setting the namespace via the package attribute in the source AndroidManifest.xml is no longer supported, and the value is ignored.
Recommendation: remove package="com.reactnativecommunity.asyncstorage" from the source AndroidManifest.xml: D:\countyGreen\node_modules\@react-native-async-storage\async-storage\android\src\main\AndroidManifest.xml.

> Task :react-native-masked-view_masked-view:extractDeepLinksRelease
> Task :react-native-masked-view_masked-view:processReleaseManifest
> Task :react-native-async-storage_async-storage:compileReleaseLibraryResources
> Task :react-native-masked-view_masked-view:compileReleaseLibraryResources
> Task :react-native-async-storage_async-storage:bundleLibCompileToJarRelease
> Task :react-native-masked-view_masked-view:bundleLibCompileToJarRelease
> Task :react-native-async-storage_async-storage:prepareReleaseArtProfile
> Task :react-native-masked-view_masked-view:prepareReleaseArtProfile
> Task :react-native-async-storage_async-storage:bundleLibRuntimeToJarRelease

> Task :react-native-svg:compileReleaseJavaWithJavac
Note: Some input files use or override a deprecated API.
Note: Recompile with -Xlint:deprecation for details.
Note: Some input files use unchecked or unsafe operations.
Note: Recompile with -Xlint:unchecked for details.

> Task :expo-log-box:mergeReleaseResources
> Task :react-native-svg:bundleLibCompileToJarRelease
> Task :react-native-svg:bundleLibRuntimeToDirRelease
> Task :react-native-vector-icons_ionicons:compileReleaseJavaWithJavac
> Task :react-native-vector-icons_ionicons:bundleLibRuntimeToDirRelease
> Task :react-native-svg:writeReleaseAarMetadata
> Task :react-native-svg:extractDeepLinksRelease
> Task :react-native-svg:processReleaseManifest
> Task :react-native-svg:compileReleaseLibraryResources
> Task :react-native-vector-icons_ionicons:bundleLibCompileToJarRelease
> Task :react-native-svg:prepareReleaseArtProfile
> Task :react-native-vector-icons_ionicons:bundleLibRuntimeToJarRelease
> Task :react-native-masked-view_masked-view:bundleLibRuntimeToJarRelease
> Task :react-native-async-storage_async-storage:mergeReleaseShaders
> Task :react-native-async-storage_async-storage:compileReleaseShaders NO-SOURCE
> Task :react-native-async-storage_async-storage:generateReleaseAssets UP-TO-DATE
> Task :react-native-async-storage_async-storage:mergeReleaseAssets
> Task :react-native-masked-view_masked-view:mergeReleaseShaders
> Task :react-native-masked-view_masked-view:compileReleaseShaders NO-SOURCE
> Task :react-native-masked-view_masked-view:generateReleaseAssets UP-TO-DATE
> Task :react-native-masked-view_masked-view:mergeReleaseAssets
> Task :react-native-screens:buildCMakeRelWithDebInfo[arm64-v8a]
> Task :react-native-svg:mergeReleaseShaders
> Task :react-native-svg:compileReleaseShaders NO-SOURCE
> Task :react-native-svg:generateReleaseAssets UP-TO-DATE
> Task :react-native-async-storage_async-storage:processReleaseJavaRes NO-SOURCE
> Task :react-native-worklets:buildCMakeRelWithDebInfo[arm64-v8a][worklets]
> Task :react-native-svg:mergeReleaseAssets
> Task :react-native-masked-view_masked-view:processReleaseJavaRes NO-SOURCE
> Task :react-native-svg:processReleaseJavaRes NO-SOURCE
> Task :react-native-svg:bundleLibRuntimeToJarRelease
> Task :react-native-async-storage_async-storage:createFullJarRelease
> Task :react-native-masked-view_masked-view:createFullJarRelease
> Task :react-native-svg:createFullJarRelease
> Task :react-native-async-storage_async-storage:extractProguardFiles
> Task :react-native-svg:extractProguardFiles
> Task :react-native-vector-icons_ionicons:processReleaseJavaRes
> Task :react-native-masked-view_masked-view:extractProguardFiles

> Task :app:createBundleReleaseJsAndAssets
Starting Metro Bundler


> Task :react-native-webview:compileReleaseKotlin
w: file:///D:/countyGreen/node_modules/react-native-webview/android/src/main/java/com/reactnativecommunity/webview/RNCWebViewManagerImpl.kt:22:8 'object MapBuilder : Any' is deprecated. Use Kotlin's built-in collections extensions.
w: file:///D:/countyGreen/node_modules/react-native-webview/android/src/main/java/com/reactnativecommunity/webview/RNCWebViewManagerImpl.kt:82:18 'var allowFileAccessFromFileURLs: Boolean' is deprecated. Deprecated in Java.
w: file:///D:/countyGreen/node_modules/react-native-webview/android/src/main/java/com/reactnativecommunity/webview/RNCWebViewManagerImpl.kt:83:18 'var allowUniversalAccessFromFileURLs: Boolean' is deprecated. Deprecated in Java.
w: file:///D:/countyGreen/node_modules/react-native-webview/android/src/main/java/com/reactnativecommunity/webview/RNCWebViewManagerImpl.kt:124:21 'fun allowScanningByMediaScanner(): Unit' is deprecated. Deprecated in Java.
w: file:///D:/countyGreen/node_modules/react-native-webview/android/src/main/java/com/reactnativecommunity/webview/RNCWebViewManagerImpl.kt:161:36 'var systemUiVisibility: Int' is deprecated. Deprecated in Java.
w: file:///D:/countyGreen/node_modules/react-native-webview/android/src/main/java/com/reactnativecommunity/webview/RNCWebViewManagerImpl.kt:300:14 'object MapBuilder : Any' is deprecated. Use Kotlin's built-in collections extensions.
w: file:///D:/countyGreen/node_modules/react-native-webview/android/src/main/java/com/reactnativecommunity/webview/RNCWebViewManagerImpl.kt:350:34 Condition is always 'true'.
w: file:///D:/countyGreen/node_modules/react-native-webview/android/src/main/java/com/reactnativecommunity/webview/RNCWebViewManagerImpl.kt:369:38 'var allowUniversalAccessFromFileURLs: Boolean' is deprecated. Deprecated in Java.
w: file:///D:/countyGreen/node_modules/react-native-webview/android/src/main/java/com/reactnativecommunity/webview/RNCWebViewManagerImpl.kt:430:51 Unchecked cast of 'Any?' to 'HashMap<String, String>'.
w: file:///D:/countyGreen/node_modules/react-native-webview/android/src/main/java/com/reactnativecommunity/webview/RNCWebViewManagerImpl.kt:486:23 'var savePassword: Boolean' is deprecated. Deprecated in Java.
w: file:///D:/countyGreen/node_modules/react-native-webview/android/src/main/java/com/reactnativecommunity/webview/RNCWebViewManagerImpl.kt:487:23 'var saveFormData: Boolean' is deprecated. Deprecated in Java.
w: file:///D:/countyGreen/node_modules/react-native-webview/android/src/main/java/com/reactnativecommunity/webview/RNCWebViewManagerImpl.kt:557:23 'var allowFileAccessFromFileURLs: Boolean' is deprecated. Deprecated in Java.
w: file:///D:/countyGreen/node_modules/react-native-webview/android/src/main/java/com/reactnativecommunity/webview/RNCWebViewManagerImpl.kt:602:52 'static field FORCE_DARK_ON: Int' is deprecated. Deprecated in Java.
w: file:///D:/countyGreen/node_modules/react-native-webview/android/src/main/java/com/reactnativecommunity/webview/RNCWebViewManagerImpl.kt:602:89 'static field FORCE_DARK_OFF: Int' is deprecated. Deprecated in Java.
w: file:///D:/countyGreen/node_modules/react-native-webview/android/src/main/java/com/reactnativecommunity/webview/RNCWebViewManagerImpl.kt:603:35 'static fun setForceDark(p0: @NonNull() WebSettings, p1: Int): Unit' is deprecated. Deprecated in Java.
w: file:///D:/countyGreen/node_modules/react-native-webview/android/src/main/java/com/reactnativecommunity/webview/RNCWebViewManagerImpl.kt:612:35 'static fun setForceDarkStrategy(p0: @NonNull() WebSettings, p1: Int): Unit' is deprecated. Deprecated in Java.
w: file:///D:/countyGreen/node_modules/react-native-webview/android/src/main/java/com/reactnativecommunity/webview/RNCWebViewManagerImpl.kt:614:39 'static field DARK_STRATEGY_PREFER_WEB_THEME_OVER_USER_AGENT_DARKENING: Int' is deprecated. Deprecated in Java.
w: file:///D:/countyGreen/node_modules/react-native-webview/android/src/main/java/com/reactnativecommunity/webview/RNCWebViewManagerImpl.kt:658:65 Unchecked cast of 'ArrayList<Any?>' to 'List<Map<String, String>>'.
w: file:///D:/countyGreen/node_modules/react-native-webview/android/src/main/java/com/reactnativecommunity/webview/RNCWebViewManagerImpl.kt:679:23 'var saveFormData: Boolean' is deprecated. Deprecated in Java.
w: file:///D:/countyGreen/node_modules/react-native-webview/android/src/main/java/com/reactnativecommunity/webview/events/SubResourceErrorEvent.kt:5:8 'interface RCTEventEmitter : JavaScriptModule' is deprecated. Use [RCTModernEventEmitter] instead.
w: file:///D:/countyGreen/node_modules/react-native-webview/android/src/main/java/com/reactnativecommunity/webview/events/SubResourceErrorEvent.kt:11:3 'constructor<T : Event<T>>(viewTag: Int): Event<T>' is deprecated. Use constructor with explicit surfaceId instead.
w: file:///D:/countyGreen/node_modules/react-native-webview/android/src/main/java/com/reactnativecommunity/webview/events/SubResourceErrorEvent.kt:22:16 This declaration overrides a deprecated member but is not marked as deprecated itself. Add the '@Deprecated' annotation or suppress the diagnostic.
w: file:///D:/countyGreen/node_modules/react-native-webview/android/src/main/java/com/reactnativecommunity/webview/events/SubResourceErrorEvent.kt:22:42 'interface RCTEventEmitter : JavaScriptModule' is deprecated. Use [RCTModernEventEmitter] instead.
w: file:///D:/countyGreen/node_modules/react-native-webview/android/src/main/java/com/reactnativecommunity/webview/events/SubResourceErrorEvent.kt:23:21 'fun receiveEvent(targetTag: Int, eventName: String, params: WritableMap?): Unit' is deprecated. Use [RCTModernEventEmitter.receiveEvent] instead.
w: file:///D:/countyGreen/node_modules/react-native-webview/android/src/main/java/com/reactnativecommunity/webview/events/TopCustomMenuSelectionEvent.kt:5:8 'interface RCTEventEmitter : JavaScriptModule' is deprecated. Use [RCTModernEventEmitter] instead.
w: file:///D:/countyGreen/node_modules/react-native-webview/android/src/main/java/com/reactnativecommunity/webview/events/TopCustomMenuSelectionEvent.kt:11:3 'constructor<T : Event<T>>(viewTag: Int): Event<T>' is deprecated. Use constructor with explicit surfaceId instead.
w: file:///D:/countyGreen/node_modules/react-native-webview/android/src/main/java/com/reactnativecommunity/webview/events/TopCustomMenuSelectionEvent.kt:22:16 This declaration overrides a deprecated member but is not marked as deprecated itself. Add the '@Deprecated' annotation or suppress the diagnostic.
w: file:///D:/countyGreen/node_modules/react-native-webview/android/src/main/java/com/reactnativecommunity/webview/events/TopCustomMenuSelectionEvent.kt:22:42 'interface RCTEventEmitter : JavaScriptModule' is deprecated. Use [RCTModernEventEmitter] instead.
w: file:///D:/countyGreen/node_modules/react-native-webview/android/src/main/java/com/reactnativecommunity/webview/events/TopCustomMenuSelectionEvent.kt:23:21 'fun receiveEvent(targetTag: Int, eventName: String, params: WritableMap?): Unit' is deprecated. Use [RCTModernEventEmitter.receiveEvent] instead.
w: file:///D:/countyGreen/node_modules/react-native-webview/android/src/main/java/com/reactnativecommunity/webview/events/TopHttpErrorEvent.kt:5:8 'interface RCTEventEmitter : JavaScriptModule' is deprecated. Use [RCTModernEventEmitter] instead.
w: file:///D:/countyGreen/node_modules/react-native-webview/android/src/main/java/com/reactnativecommunity/webview/events/TopHttpErrorEvent.kt:11:3 'constructor<T : Event<T>>(viewTag: Int): Event<T>' is deprecated. Use constructor with explicit surfaceId instead.
w: file:///D:/countyGreen/node_modules/react-native-webview/android/src/main/java/com/reactnativecommunity/webview/events/TopHttpErrorEvent.kt:22:16 This declaration overrides a deprecated member but is not marked as deprecated itself. Add the '@Deprecated' annotation or suppress the diagnostic.
w: file:///D:/countyGreen/node_modules/react-native-webview/android/src/main/java/com/reactnativecommunity/webview/events/TopHttpErrorEvent.kt:22:42 'interface RCTEventEmitter : JavaScriptModule' is deprecated. Use [RCTModernEventEmitter] instead.
w: file:///D:/countyGreen/node_modules/react-native-webview/android/src/main/java/com/reactnativecommunity/webview/events/TopHttpErrorEvent.kt:23:21 'fun receiveEvent(targetTag: Int, eventName: String, params: WritableMap?): Unit' is deprecated. Use [RCTModernEventEmitter.receiveEvent] instead.
w: file:///D:/countyGreen/node_modules/react-native-webview/android/src/main/java/com/reactnativecommunity/webview/events/TopLoadingErrorEvent.kt:5:8 'interface RCTEventEmitter : JavaScriptModule' is deprecated. Use [RCTModernEventEmitter] instead.
w: file:///D:/countyGreen/node_modules/react-native-webview/android/src/main/java/com/reactnativecommunity/webview/events/TopLoadingErrorEvent.kt:11:3 'constructor<T : Event<T>>(viewTag: Int): Event<T>' is deprecated. Use constructor with explicit surfaceId instead.
w: file:///D:/countyGreen/node_modules/react-native-webview/android/src/main/java/com/reactnativecommunity/webview/events/TopLoadingErrorEvent.kt:22:16 This declaration overrides a deprecated member but is not marked as deprecated itself. Add the '@Deprecated' annotation or suppress the diagnostic.
w: file:///D:/countyGreen/node_modules/react-native-webview/android/src/main/java/com/reactnativecommunity/webview/events/TopLoadingErrorEvent.kt:22:42 'interface RCTEventEmitter : JavaScriptModule' is deprecated. Use [RCTModernEventEmitter] instead.
w: file:///D:/countyGreen/node_modules/react-native-webview/android/src/main/java/com/reactnativecommunity/webview/events/TopLoadingErrorEvent.kt:23:21 'fun receiveEvent(targetTag: Int, eventName: String, params: WritableMap?): Unit' is deprecated. Use [RCTModernEventEmitter.receiveEvent] instead.
w: file:///D:/countyGreen/node_modules/react-native-webview/android/src/main/java/com/reactnativecommunity/webview/events/TopLoadingFinishEvent.kt:5:8 'interface RCTEventEmitter : JavaScriptModule' is deprecated. Use [RCTModernEventEmitter] instead.
w: file:///D:/countyGreen/node_modules/react-native-webview/android/src/main/java/com/reactnativecommunity/webview/events/TopLoadingFinishEvent.kt:11:3 'constructor<T : Event<T>>(viewTag: Int): Event<T>' is deprecated. Use constructor with explicit surfaceId instead.
w: file:///D:/countyGreen/node_modules/react-native-webview/android/src/main/java/com/reactnativecommunity/webview/events/TopLoadingFinishEvent.kt:22:16 This declaration overrides a deprecated member but is not marked as deprecated itself. Add the '@Deprecated' annotation or suppress the diagnostic.
w: file:///D:/countyGreen/node_modules/react-native-webview/android/src/main/java/com/reactnativecommunity/webview/events/TopLoadingFinishEvent.kt:22:42 'interface RCTEventEmitter : JavaScriptModule' is deprecated. Use [RCTModernEventEmitter] instead.
w: file:///D:/countyGreen/node_modules/react-native-webview/android/src/main/java/com/reactnativecommunity/webview/events/TopLoadingFinishEvent.kt:23:21 'fun receiveEvent(targetTag: Int, eventName: String, params: WritableMap?): Unit' is deprecated. Use [RCTModernEventEmitter.receiveEvent] instead.
w: file:///D:/countyGreen/node_modules/react-native-webview/android/src/main/java/com/reactnativecommunity/webview/events/TopLoadingProgressEvent.kt:5:8 'interface RCTEventEmitter : JavaScriptModule' is deprecated. Use [RCTModernEventEmitter] instead.
w: file:///D:/countyGreen/node_modules/react-native-webview/android/src/main/java/com/reactnativecommunity/webview/events/TopLoadingProgressEvent.kt:11:3 'constructor<T : Event<T>>(viewTag: Int): Event<T>' is deprecated. Use constructor with explicit surfaceId instead.
w: file:///D:/countyGreen/node_modules/react-native-webview/android/src/main/java/com/reactnativecommunity/webview/events/TopLoadingProgressEvent.kt:22:16 This declaration overrides a deprecated member but is not marked as deprecated itself. Add the '@Deprecated' annotation or suppress the diagnostic.
w: file:///D:/countyGreen/node_modules/react-native-webview/android/src/main/java/com/reactnativecommunity/webview/events/TopLoadingProgressEvent.kt:22:42 'interface RCTEventEmitter : JavaScriptModule' is deprecated. Use [RCTModernEventEmitter] instead.
w: file:///D:/countyGreen/node_modules/react-native-webview/android/src/main/java/com/reactnativecommunity/webview/events/TopLoadingProgressEvent.kt:23:21 'fun receiveEvent(targetTag: Int, eventName: String, params: WritableMap?): Unit' is deprecated. Use [RCTModernEventEmitter.receiveEvent] instead.
w: file:///D:/countyGreen/node_modules/react-native-webview/android/src/main/java/com/reactnativecommunity/webview/events/TopLoadingStartEvent.kt:5:8 'interface RCTEventEmitter : JavaScriptModule' is deprecated. Use [RCTModernEventEmitter] instead.
w: file:///D:/countyGreen/node_modules/react-native-webview/android/src/main/java/com/reactnativecommunity/webview/events/TopLoadingStartEvent.kt:11:3 'constructor<T : Event<T>>(viewTag: Int): Event<T>' is deprecated. Use constructor with explicit surfaceId instead.
w: file:///D:/countyGreen/node_modules/react-native-webview/android/src/main/java/com/reactnativecommunity/webview/events/TopLoadingStartEvent.kt:22:16 This declaration overrides a deprecated member but is not marked as deprecated itself. Add the '@Deprecated' annotation or suppress the diagnostic.
w: file:///D:/countyGreen/node_modules/react-native-webview/android/src/main/java/com/reactnativecommunity/webview/events/TopLoadingStartEvent.kt:22:42 'interface RCTEventEmitter : JavaScriptModule' is deprecated. Use [RCTModernEventEmitter] instead.
w: file:///D:/countyGreen/node_modules/react-native-webview/android/src/main/java/com/reactnativecommunity/webview/events/TopLoadingStartEvent.kt:23:21 'fun receiveEvent(targetTag: Int, eventName: String, params: WritableMap?): Unit' is deprecated. Use [RCTModernEventEmitter.receiveEvent] instead.
w: file:///D:/countyGreen/node_modules/react-native-webview/android/src/main/java/com/reactnativecommunity/webview/events/TopMessageEvent.kt:5:8 'interface RCTEventEmitter : JavaScriptModule' is deprecated. Use [RCTModernEventEmitter] instead.
w: file:///D:/countyGreen/node_modules/react-native-webview/android/src/main/java/com/reactnativecommunity/webview/events/TopMessageEvent.kt:10:75 'constructor<T : Event<T>>(viewTag: Int): Event<T>' is deprecated. Use constructor with explicit surfaceId instead.
w: file:///D:/countyGreen/node_modules/react-native-webview/android/src/main/java/com/reactnativecommunity/webview/events/TopMessageEvent.kt:21:16 This declaration overrides a deprecated member but is not marked as deprecated itself. Add the '@Deprecated' annotation or suppress the diagnostic.
w: file:///D:/countyGreen/node_modules/react-native-webview/android/src/main/java/com/reactnativecommunity/webview/events/TopMessageEvent.kt:21:42 'interface RCTEventEmitter : JavaScriptModule' is deprecated. Use [RCTModernEventEmitter] instead.
w: file:///D:/countyGreen/node_modules/react-native-webview/android/src/main/java/com/reactnativecommunity/webview/events/TopMessageEvent.kt:22:21 'fun receiveEvent(targetTag: Int, eventName: String, params: WritableMap?): Unit' is deprecated. Use [RCTModernEventEmitter.receiveEvent] instead.
w: file:///D:/countyGreen/node_modules/react-native-webview/android/src/main/java/com/reactnativecommunity/webview/events/TopNewWindowEvent.kt:5:8 'interface RCTEventEmitter : JavaScriptModule' is deprecated. Use [RCTModernEventEmitter] instead.
w: file:///D:/countyGreen/node_modules/react-native-webview/android/src/main/java/com/reactnativecommunity/webview/events/TopNewWindowEvent.kt:11:3 'constructor<T : Event<T>>(viewTag: Int): Event<T>' is deprecated. Use constructor with explicit surfaceId instead.
w: file:///D:/countyGreen/node_modules/react-native-webview/android/src/main/java/com/reactnativecommunity/webview/events/TopNewWindowEvent.kt:22:16 This declaration overrides a deprecated member but is not marked as deprecated itself. Add the '@Deprecated' annotation or suppress the diagnostic.
w: file:///D:/countyGreen/node_modules/react-native-webview/android/src/main/java/com/reactnativecommunity/webview/events/TopNewWindowEvent.kt:22:42 'interface RCTEventEmitter : JavaScriptModule' is deprecated. Use [RCTModernEventEmitter] instead.
w: file:///D:/countyGreen/node_modules/react-native-webview/android/src/main/java/com/reactnativecommunity/webview/events/TopNewWindowEvent.kt:23:21 'fun receiveEvent(targetTag: Int, eventName: String, params: WritableMap?): Unit' is deprecated. Use [RCTModernEventEmitter.receiveEvent] instead.
w: file:///D:/countyGreen/node_modules/react-native-webview/android/src/main/java/com/reactnativecommunity/webview/events/TopRenderProcessGoneEvent.kt:5:8 'interface RCTEventEmitter : JavaScriptModule' is deprecated. Use [RCTModernEventEmitter] instead.
w: file:///D:/countyGreen/node_modules/react-native-webview/android/src/main/java/com/reactnativecommunity/webview/events/TopRenderProcessGoneEvent.kt:12:3 'constructor<T : Event<T>>(viewTag: Int): Event<T>' is deprecated. Use constructor with explicit surfaceId instead.
w: file:///D:/countyGreen/node_modules/react-native-webview/android/src/main/java/com/reactnativecommunity/webview/events/TopRenderProcessGoneEvent.kt:23:16 This declaration overrides a deprecated member but is not marked as deprecated itself. Add the '@Deprecated' annotation or suppress the diagnostic.
w: file:///D:/countyGreen/node_modules/react-native-webview/android/src/main/java/com/reactnativecommunity/webview/events/TopRenderProcessGoneEvent.kt:23:42 'interface RCTEventEmitter : JavaScriptModule' is deprecated. Use [RCTModernEventEmitter] instead.
w: file:///D:/countyGreen/node_modules/react-native-webview/android/src/main/java/com/reactnativecommunity/webview/events/TopRenderProcessGoneEvent.kt:24:21 'fun receiveEvent(targetTag: Int, eventName: String, params: WritableMap?): Unit' is deprecated. Use [RCTModernEventEmitter.receiveEvent] instead.
w: file:///D:/countyGreen/node_modules/react-native-webview/android/src/main/java/com/reactnativecommunity/webview/events/TopShouldStartLoadWithRequestEvent.kt:5:8 'interface RCTEventEmitter : JavaScriptModule' is deprecated. Use [RCTModernEventEmitter] instead.
w: file:///D:/countyGreen/node_modules/react-native-webview/android/src/main/java/com/reactnativecommunity/webview/events/TopShouldStartLoadWithRequestEvent.kt:10:89 'constructor<T : Event<T>>(viewTag: Int): Event<T>' is deprecated. Use constructor with explicit surfaceId instead.
w: file:///D:/countyGreen/node_modules/react-native-webview/android/src/main/java/com/reactnativecommunity/webview/events/TopShouldStartLoadWithRequestEvent.kt:27:16 This declaration overrides a deprecated member but is not marked as deprecated itself. Add the '@Deprecated' annotation or suppress the diagnostic.
w: file:///D:/countyGreen/node_modules/react-native-webview/android/src/main/java/com/reactnativecommunity/webview/events/TopShouldStartLoadWithRequestEvent.kt:27:42 'interface RCTEventEmitter : JavaScriptModule' is deprecated. Use [RCTModernEventEmitter] instead.
w: file:///D:/countyGreen/node_modules/react-native-webview/android/src/main/java/com/reactnativecommunity/webview/events/TopShouldStartLoadWithRequestEvent.kt:28:21 'fun receiveEvent(targetTag: Int, eventName: String, params: WritableMap?): Unit' is deprecated. Use [RCTModernEventEmitter.receiveEvent] instead.

> Task :react-native-svg:generateReleaseLintModel
> Task :react-native-async-storage_async-storage:generateReleaseLintModel
> Task :react-native-masked-view_masked-view:generateReleaseLintModel
> Task :react-native-webview:compileReleaseJavaWithJavac

> Task :app:createBundleReleaseJsAndAssets
warning: Bundler cache is empty, rebuilding (this may take a minute)

> Task :react-native-async-storage_async-storage:prepareLintJarForPublish
> Task :react-native-masked-view_masked-view:prepareLintJarForPublish
> Task :react-native-svg:prepareLintJarForPublish
> Task :react-native-async-storage_async-storage:stripReleaseDebugSymbols NO-SOURCE
> Task :react-native-masked-view_masked-view:stripReleaseDebugSymbols NO-SOURCE
> Task :react-native-async-storage_async-storage:copyReleaseJniLibsProjectAndLocalJars
> Task :react-native-masked-view_masked-view:copyReleaseJniLibsProjectAndLocalJars
> Task :react-native-async-storage_async-storage:extractDeepLinksForAarRelease
> Task :react-native-masked-view_masked-view:extractDeepLinksForAarRelease
> Task :react-native-vector-icons_ionicons:createFullJarRelease
> Task :react-native-masked-view_masked-view:extractReleaseAnnotations
> Task :react-native-async-storage_async-storage:extractReleaseAnnotations
> Task :react-native-async-storage_async-storage:mergeReleaseGeneratedProguardFiles
> Task :react-native-masked-view_masked-view:mergeReleaseGeneratedProguardFiles
> Task :react-native-vector-icons_ionicons:generateReleaseLintModel
> Task :react-native-async-storage_async-storage:mergeReleaseConsumerProguardFiles
> Task :react-native-masked-view_masked-view:mergeReleaseConsumerProguardFiles
> Task :react-native-vector-icons_ionicons:extractReleaseAnnotations
> Task :react-native-vector-icons_ionicons:mergeReleaseGeneratedProguardFiles
> Task :react-native-vector-icons_ionicons:mergeReleaseConsumerProguardFiles

> Task :react-native-safe-area-context:compileReleaseKotlin
w: file:///D:/countyGreen/node_modules/react-native-safe-area-context/android/src/main/java/com/th3rdwave/safeareacontext/SafeAreaProviderManager.kt:39:19 'fun getEventDispatcherForReactTag(context: ReactContext, reactTag: Int): EventDispatcher?' is deprecated. reactTag is no longer needed.
w: file:///D:/countyGreen/node_modules/react-native-safe-area-context/android/src/main/java/com/th3rdwave/safeareacontext/SafeAreaView.kt:9:8 'class UIManagerModule : ReactContextBaseJavaModule, LifecycleEventListener, UIManager' is deprecated. Deprecated in Java.
w: file:///D:/countyGreen/node_modules/react-native-safe-area-context/android/src/main/java/com/th3rdwave/safeareacontext/SafeAreaView.kt:50:54 'class UIManagerModule : ReactContextBaseJavaModule, LifecycleEventListener, UIManager' is deprecated. Deprecated in Java.
w: file:///D:/countyGreen/node_modules/react-native-safe-area-context/android/src/main/java/com/th3rdwave/safeareacontext/SafeAreaView.kt:59:23 'val uiImplementation: UIImplementation!' is deprecated. Deprecated in Java.
w: file:///D:/countyGreen/node_modules/react-native-safe-area-context/android/src/main/java/com/th3rdwave/safeareacontext/SafeAreaViewShadowNode.kt:9:32 'class LayoutShadowNode : ReactShadowNodeImpl' is deprecated. This class is part of Legacy Architecture and will be removed in a future release.
w: file:///D:/countyGreen/node_modules/react-native-safe-area-context/android/src/main/java/com/th3rdwave/safeareacontext/SafeAreaViewShadowNode.kt:110:61 'class NativeViewHierarchyOptimizer : Any' is deprecated. This class is part of Legacy Architecture and will be removed in a future release.

> Task :react-native-masked-view_masked-view:mergeReleaseJavaResource
> Task :react-native-async-storage_async-storage:mergeReleaseJavaResource
> Task :react-native-masked-view_masked-view:syncReleaseLibJars
> Task :react-native-async-storage_async-storage:syncReleaseLibJars
> Task :react-native-masked-view_masked-view:bundleReleaseLocalLintAar
> Task :react-native-async-storage_async-storage:bundleReleaseLocalLintAar
> Task :react-native-vector-icons_ionicons:mergeReleaseJavaResource
> Task :react-native-vector-icons_ionicons:syncReleaseLibJars
> Task :react-native-vector-icons_ionicons:bundleReleaseLocalLintAar
> Task :react-native-svg:stripReleaseDebugSymbols NO-SOURCE
> Task :react-native-svg:copyReleaseJniLibsProjectAndLocalJars
> Task :react-native-svg:extractDeepLinksForAarRelease
> Task :react-native-svg:extractReleaseAnnotations
> Task :react-native-svg:mergeReleaseGeneratedProguardFiles
> Task :react-native-svg:mergeReleaseConsumerProguardFiles
> Task :react-native-svg:mergeReleaseJavaResource
> Task :react-native-svg:syncReleaseLibJars
> Task :react-native-svg:bundleReleaseLocalLintAar
> Task :react-native-safe-area-context:compileReleaseJavaWithJavac
> Task :react-native-async-storage_async-storage:writeReleaseLintModelMetadata
> Task :react-native-svg:writeReleaseLintModelMetadata
> Task :react-native-masked-view_masked-view:writeReleaseLintModelMetadata
> Task :react-native-async-storage_async-storage:lintVitalAnalyzeRelease
> Task :react-native-masked-view_masked-view:lintVitalAnalyzeRelease

> Task :react-native-webview:compileReleaseJavaWithJavac
Note: Some input files use or override a deprecated API.
Note: Recompile with -Xlint:deprecation for details.

> Task :react-native-safe-area-context:bundleLibRuntimeToDirRelease
> Task :react-native-webview:bundleLibRuntimeToDirRelease
> Task :react-native-svg:lintVitalAnalyzeRelease
> Task :react-native-safe-area-context:bundleLibCompileToJarRelease
> Task :react-native-webview:bundleLibCompileToJarRelease
> Task :react-native-safe-area-context:bundleLibRuntimeToJarRelease
> Task :react-native-webview:bundleLibRuntimeToJarRelease
> Task :react-native-safe-area-context:processReleaseJavaRes
> Task :react-native-safe-area-context:createFullJarRelease
> Task :react-native-safe-area-context:generateReleaseLintModel
> Task :react-native-webview:processReleaseJavaRes
> Task :react-native-webview:createFullJarRelease
> Task :react-native-safe-area-context:extractReleaseAnnotations
> Task :react-native-safe-area-context:mergeReleaseGeneratedProguardFiles
> Task :react-native-safe-area-context:mergeReleaseConsumerProguardFiles
> Task :react-native-async-storage_async-storage:generateReleaseLintVitalModel
> Task :react-native-webview:generateReleaseLintModel
> Task :react-native-safe-area-context:mergeReleaseJavaResource
> Task :react-native-webview:extractReleaseAnnotations
> Task :react-native-webview:mergeReleaseGeneratedProguardFiles
> Task :react-native-webview:mergeReleaseConsumerProguardFiles
> Task :react-native-svg:generateReleaseLintVitalModel
> Task :react-native-webview:mergeReleaseJavaResource
> Task :react-native-webview:syncReleaseLibJars
> Task :react-native-webview:bundleReleaseLocalLintAar
> Task :react-native-vector-icons_ionicons:generateReleaseLintVitalModel
> Task :react-native-masked-view_masked-view:generateReleaseLintVitalModel
> Task :react-native-async-storage_async-storage:bundleReleaseAar
> Task :react-native-webview:generateReleaseLintVitalModel
> Task :react-native-async-storage_async-storage:mapReleaseSourceSetPaths
> Task :react-native-keyboard-controller:mapReleaseSourceSetPaths
> Task :react-native-masked-view_masked-view:bundleReleaseAar
> Task :react-native-masked-view_masked-view:mapReleaseSourceSetPaths
> Task :react-native-safe-area-context:generateReleaseLintVitalModel
> Task :react-native-safe-area-context:syncReleaseLibJars
> Task :react-native-safe-area-context:bundleReleaseLocalLintAar
> Task :react-native-safe-area-context:bundleReleaseAar
> Task :react-native-safe-area-context:mapReleaseSourceSetPaths
> Task :react-native-async-storage_async-storage:mergeReleaseResources
> Task :react-native-keyboard-controller:mergeReleaseResources
> Task :expo-log-box:verifyReleaseResources
> Task :react-native-masked-view_masked-view:mergeReleaseResources
> Task :react-native-safe-area-context:mergeReleaseResources

> Task :react-native-keyboard-controller:compileReleaseKotlin
w: file:///D:/countyGreen/node_modules/react-native-keyboard-controller/android/src/fabric/java/com/reactnativekeyboardcontroller/OverKeyboardViewManager.kt:3:8 'class LayoutShadowNode : ReactShadowNodeImpl' is deprecated. This class is part of Legacy Architecture and will be removed in a future release.
w: file:///D:/countyGreen/node_modules/react-native-keyboard-controller/android/src/fabric/java/com/reactnativekeyboardcontroller/OverKeyboardViewManager.kt:29:44 'class LayoutShadowNode : ReactShadowNodeImpl' is deprecated. This class is part of Legacy Architecture and will be removed in a future release.
w: file:///D:/countyGreen/node_modules/react-native-keyboard-controller/android/src/fabric/java/com/reactnativekeyboardcontroller/OverKeyboardViewManager.kt:31:48 'class LayoutShadowNode : ReactShadowNodeImpl' is deprecated. This class is part of Legacy Architecture and will be removed in a future release.
w: file:///D:/countyGreen/node_modules/react-native-keyboard-controller/android/src/main/java/com/reactnativekeyboardcontroller/extensions/EditText.kt:69:42 Unchecked cast of 'ArrayList<*>' to 'ArrayList<TextWatcher>'.
w: file:///D:/countyGreen/node_modules/react-native-keyboard-controller/android/src/main/java/com/reactnativekeyboardcontroller/extensions/ReactContext.kt:12:109 'val DEFAULT: Int' is deprecated. UIManagerType.DEFAULT will be deleted in the next release of React Native. Use [LEGACY] instead.
w: file:///D:/countyGreen/node_modules/react-native-keyboard-controller/android/src/main/java/com/reactnativekeyboardcontroller/extensions/ReactContext.kt:18:27 'fun getEventDispatcher(context: ReactContext, uiManagerType: Int): EventDispatcher?' is deprecated. UIManagerType is no longer needed.
w: file:///D:/countyGreen/node_modules/react-native-keyboard-controller/android/src/main/java/com/reactnativekeyboardcontroller/extensions/ThemedReactContext.kt:18:21 'fun getEventDispatcherForReactTag(context: ReactContext, reactTag: Int): EventDispatcher?' is deprecated. reactTag is no longer needed.
w: file:///D:/countyGreen/node_modules/react-native-keyboard-controller/android/src/main/java/com/reactnativekeyboardcontroller/interactive/KeyboardAnimationController.kt:89:16 'static fun getWindowInsetsController(p0: View): WindowInsetsControllerCompat?' is deprecated. Deprecated in Java.
w: file:///D:/countyGreen/node_modules/react-native-keyboard-controller/android/src/main/java/com/reactnativekeyboardcontroller/managers/KeyboardControllerViewManagerImpl.kt:4:8 'object MapBuilder : Any' is deprecated. Use Kotlin's built-in collections extensions.
w: file:///D:/countyGreen/node_modules/react-native-keyboard-controller/android/src/main/java/com/reactnativekeyboardcontroller/managers/KeyboardControllerViewManagerImpl.kt:73:7 'object MapBuilder : Any' is deprecated. Use Kotlin's built-in collections extensions.
w: file:///D:/countyGreen/node_modules/react-native-keyboard-controller/android/src/main/java/com/reactnativekeyboardcontroller/managers/KeyboardControllerViewManagerImpl.kt:75:9 'object MapBuilder : Any' is deprecated. Use Kotlin's built-in collections extensions.
w: file:///D:/countyGreen/node_modules/react-native-keyboard-controller/android/src/main/java/com/reactnativekeyboardcontroller/managers/KeyboardControllerViewManagerImpl.kt:77:9 'object MapBuilder : Any' is deprecated. Use Kotlin's built-in collections extensions.
w: file:///D:/countyGreen/node_modules/react-native-keyboard-controller/android/src/main/java/com/reactnativekeyboardcontroller/managers/KeyboardControllerViewManagerImpl.kt:79:9 'object MapBuilder : Any' is deprecated. Use Kotlin's built-in collections extensions.
w: file:///D:/countyGreen/node_modules/react-native-keyboard-controller/android/src/main/java/com/reactnativekeyboardcontroller/managers/KeyboardControllerViewManagerImpl.kt:81:9 'object MapBuilder : Any' is deprecated. Use Kotlin's built-in collections extensions.
w: file:///D:/countyGreen/node_modules/react-native-keyboard-controller/android/src/main/java/com/reactnativekeyboardcontroller/managers/KeyboardControllerViewManagerImpl.kt:83:9 'object MapBuilder : Any' is deprecated. Use Kotlin's built-in collections extensions.
w: file:///D:/countyGreen/node_modules/react-native-keyboard-controller/android/src/main/java/com/reactnativekeyboardcontroller/managers/KeyboardControllerViewManagerImpl.kt:85:9 'object MapBuilder : Any' is deprecated. Use Kotlin's built-in collections extensions.
w: file:///D:/countyGreen/node_modules/react-native-keyboard-controller/android/src/main/java/com/reactnativekeyboardcontroller/managers/KeyboardControllerViewManagerImpl.kt:87:9 'object MapBuilder : Any' is deprecated. Use Kotlin's built-in collections extensions.
w: file:///D:/countyGreen/node_modules/react-native-keyboard-controller/android/src/main/java/com/reactnativekeyboardcontroller/modules/statusbar/StatusBarManagerCompatModuleImpl.kt:70:38 'var statusBarColor: Int' is deprecated. Deprecated in Java.
w: file:///D:/countyGreen/node_modules/react-native-keyboard-controller/android/src/main/java/com/reactnativekeyboardcontroller/modules/statusbar/StatusBarManagerCompatModuleImpl.kt:73:20 'var statusBarColor: Int' is deprecated. Deprecated in Java.
w: file:///D:/countyGreen/node_modules/react-native-keyboard-controller/android/src/main/java/com/reactnativekeyboardcontroller/modules/statusbar/StatusBarManagerCompatModuleImpl.kt:78:18 'var statusBarColor: Int' is deprecated. Deprecated in Java.
w: file:///D:/countyGreen/node_modules/react-native-keyboard-controller/android/src/main/java/com/reactnativekeyboardcontroller/views/EdgeToEdgeReactViewGroup.kt:115:58 'static field SOFT_INPUT_ADJUST_RESIZE: Int' is deprecated. Deprecated in Java.
w: file:///D:/countyGreen/node_modules/react-native-keyboard-controller/android/src/main/java/com/reactnativekeyboardcontroller/views/EdgeToEdgeReactViewGroup.kt:150:81 'static field FLAG_FULLSCREEN: Int' is deprecated. Deprecated in Java.
w: file:///D:/countyGreen/node_modules/react-native-keyboard-controller/android/src/main/java/com/reactnativekeyboardcontroller/views/overlay/OverKeyboardHostShadowNode.kt:3:8 'class LayoutShadowNode : ReactShadowNodeImpl' is deprecated. This class is part of Legacy Architecture and will be removed in a future release.
w: file:///D:/countyGreen/node_modules/react-native-keyboard-controller/android/src/main/java/com/reactnativekeyboardcontroller/views/overlay/OverKeyboardHostShadowNode.kt:4:8 'class ReactShadowNodeImpl : Any, ReactShadowNode<ReactShadowNodeImpl!>' is deprecated. Deprecated in Java.
w: file:///D:/countyGreen/node_modules/react-native-keyboard-controller/android/src/main/java/com/reactnativekeyboardcontroller/views/overlay/OverKeyboardHostShadowNode.kt:15:45 'class LayoutShadowNode : ReactShadowNodeImpl' is deprecated. This class is part of Legacy Architecture and will be removed in a future release.
w: file:///D:/countyGreen/node_modules/react-native-keyboard-controller/android/src/main/java/com/reactnativekeyboardcontroller/views/overlay/OverKeyboardHostShadowNode.kt:22:12 'class ReactShadowNodeImpl : Any, ReactShadowNode<ReactShadowNodeImpl!>' is deprecated. Deprecated in Java.
w: file:///D:/countyGreen/node_modules/react-native-keyboard-controller/android/src/main/java/com/reactnativekeyboardcontroller/views/overlay/OverKeyboardViewGroup.kt:13:8 'object ReactFeatureFlags : Any' is deprecated. Use com.facebook.react.internal.featureflags.ReactNativeFeatureFlags instead.
w: file:///D:/countyGreen/node_modules/react-native-keyboard-controller/android/src/main/java/com/reactnativekeyboardcontroller/views/overlay/OverKeyboardViewGroup.kt:30:44 'fun getEventDispatcherForReactTag(context: ReactContext, reactTag: Int): EventDispatcher?' is deprecated. reactTag is no longer needed.
w: file:///D:/countyGreen/node_modules/react-native-keyboard-controller/android/src/main/java/com/reactnativekeyboardcontroller/views/overlay/OverKeyboardViewGroup.kt:79:5 The corresponding parameter in the supertype 'ReactViewGroup' is named 'left'. This may cause problems when calling this function with named arguments.
w: file:///D:/countyGreen/node_modules/react-native-keyboard-controller/android/src/main/java/com/reactnativekeyboardcontroller/views/overlay/OverKeyboardViewGroup.kt:80:5 The corresponding parameter in the supertype 'ReactViewGroup' is named 'top'. This may cause problems when calling this function with named arguments.
w: file:///D:/countyGreen/node_modules/react-native-keyboard-controller/android/src/main/java/com/reactnativekeyboardcontroller/views/overlay/OverKeyboardViewGroup.kt:81:5 The corresponding parameter in the supertype 'ReactViewGroup' is named 'right'. This may cause problems when calling this function with named arguments.
w: file:///D:/countyGreen/node_modules/react-native-keyboard-controller/android/src/main/java/com/reactnativekeyboardcontroller/views/overlay/OverKeyboardViewGroup.kt:82:5 The corresponding parameter in the supertype 'ReactViewGroup' is named 'bottom'. This may cause problems when calling this function with named arguments.
w: file:///D:/countyGreen/node_modules/react-native-keyboard-controller/android/src/main/java/com/reactnativekeyboardcontroller/views/overlay/OverKeyboardViewGroup.kt:132:9 'object ReactFeatureFlags : Any' is deprecated. Use com.facebook.react.internal.featureflags.ReactNativeFeatureFlags instead.
w: file:///D:/countyGreen/node_modules/react-native-keyboard-controller/android/src/main/java/com/reactnativekeyboardcontroller/views/overlay/OverKeyboardViewGroup.kt:152:5 The corresponding parameter in the supertype 'ReactViewGroup' is named 'w'. This may cause problems when calling this function with named arguments.
w: file:///D:/countyGreen/node_modules/react-native-keyboard-controller/android/src/main/java/com/reactnativekeyboardcontroller/views/overlay/OverKeyboardViewGroup.kt:153:5 The corresponding parameter in the supertype 'ReactViewGroup' is named 'h'. This may cause problems when calling this function with named arguments.
w: file:///D:/countyGreen/node_modules/react-native-keyboard-controller/android/src/main/java/com/reactnativekeyboardcontroller/views/overlay/OverKeyboardViewGroup.kt:154:5 The corresponding parameter in the supertype 'ReactViewGroup' is named 'oldw'. This may cause problems when calling this function with named arguments.
w: file:///D:/countyGreen/node_modules/react-native-keyboard-controller/android/src/main/java/com/reactnativekeyboardcontroller/views/overlay/OverKeyboardViewGroup.kt:155:5 The corresponding parameter in the supertype 'ReactViewGroup' is named 'oldh'. This may cause problems when calling this function with named arguments.

> Task :react-native-masked-view_masked-view:verifyReleaseResources
> Task :react-native-safe-area-context:verifyReleaseResources
> Task :react-native-async-storage_async-storage:verifyReleaseResources
> Task :react-native-keyboard-controller:verifyReleaseResources
> Task :react-native-keyboard-controller:compileReleaseJavaWithJavac
> Task :react-native-keyboard-controller:bundleLibRuntimeToDirRelease
> Task :react-native-masked-view_masked-view:assembleRelease
> Task :react-native-safe-area-context:assembleRelease
> Task :react-native-svg:bundleReleaseAar
> Task :react-native-keyboard-controller:bundleLibCompileToJarRelease
> Task :react-native-keyboard-controller:bundleLibRuntimeToJarRelease
> Task :react-native-async-storage_async-storage:assembleRelease
> Task :react-native-webview:bundleReleaseAar
> Task :react-native-vector-icons_ionicons:bundleReleaseAar
> Task :react-native-keyboard-controller:processReleaseJavaRes
> Task :react-native-vector-icons_ionicons:mapReleaseSourceSetPaths
> Task :react-native-svg:mapReleaseSourceSetPaths
> Task :react-native-webview:mapReleaseSourceSetPaths
> Task :react-native-keyboard-controller:createFullJarRelease
> Task :react-native-vector-icons_ionicons:mergeReleaseResources
> Task :react-native-svg:mergeReleaseResources
> Task :react-native-keyboard-controller:generateReleaseLintModel
> Task :react-native-webview:mergeReleaseResources
> Task :react-native-keyboard-controller:extractReleaseAnnotations
> Task :react-native-keyboard-controller:mergeReleaseGeneratedProguardFiles
> Task :react-native-keyboard-controller:mergeReleaseConsumerProguardFiles
> Task :react-native-keyboard-controller:generateReleaseLintVitalModel
> Task :react-native-keyboard-controller:mergeReleaseJavaResource
> Task :react-native-keyboard-controller:syncReleaseLibJars
> Task :react-native-keyboard-controller:bundleReleaseLocalLintAar
> Task :react-native-keyboard-controller:bundleReleaseAar
> Task :react-native-keyboard-controller:assembleRelease
> Task :react-native-screens:configureCMakeRelWithDebInfo[armeabi-v7a]
> Task :react-native-safe-area-context:lintVitalAnalyzeRelease
> Task :react-native-worklets:configureCMakeRelWithDebInfo[armeabi-v7a]
> Task :react-native-vector-icons_ionicons:verifyReleaseResources
> Task :react-native-svg:verifyReleaseResources
> Task :react-native-vector-icons_ionicons:lintVitalAnalyzeRelease
> Task :react-native-screens:buildCMakeRelWithDebInfo[armeabi-v7a]
> Task :react-native-svg:assembleRelease
> Task :react-native-vector-icons_ionicons:assembleRelease
> Task :react-native-worklets:buildCMakeRelWithDebInfo[armeabi-v7a][worklets]
> Task :react-native-keyboard-controller:lintVitalAnalyzeRelease
> Task :react-native-webview:verifyReleaseResources
> Task :react-native-webview:assembleRelease

> Task :app:createBundleReleaseJsAndAssets
Android Bundled 304930ms node_modules\expo-router\entry.js (1874 modules)
Writing bundle output to: android\app\build\generated\assets\react\release\index.android.bundle
Writing sourcemap output to: android\app\build\intermediates\sourcemaps\react\release\index.android.bundle.packager.map
Copying 62 asset files
Done writing bundle output
Done writing sourcemap output

> Task :react-native-screens:configureCMakeRelWithDebInfo[x86]
> Task :react-native-webview:lintVitalAnalyzeRelease
> Task :react-native-screens:buildCMakeRelWithDebInfo[x86]
> Task :react-native-worklets:configureCMakeRelWithDebInfo[x86]
> Task :app:preBuild
> Task :app:preReleaseBuild
> Task :app:mergeReleaseJniLibFolders
> Task :react-native-worklets:buildCMakeRelWithDebInfo[x86][worklets]
> Task :app:generateReleaseBuildConfig
> Task :app:generateReleaseResValues
> Task :app:generateReleaseResources
> Task :app:packageReleaseResources
> Task :app:createReleaseCompatibleScreenManifests
> Task :app:extractDeepLinksRelease
> Task :app:parseReleaseLocalResources
> Task :app:javaPreCompileRelease
> Task :app:desugarReleaseFileDependencies
> Task :app:mergeReleaseStartupProfile
> Task :app:mergeReleaseShaders
> Task :app:compileReleaseShaders NO-SOURCE
> Task :app:generateReleaseAssets UP-TO-DATE
> Task :app:checkReleaseDuplicateClasses
> Task :app:extractReleaseVersionControlInfo
The Daemon will expire after the build after running out of JVM Metaspace.
The project memory settings are likely not configured or are configured to an insufficient value.
The daemon will restart for the next build, which may increase subsequent build times.
These settings can be adjusted by setting 'org.gradle.jvmargs' in 'gradle.properties'.
The currently configured max heap space is '2 GiB' and the configured max metaspace is '512 MiB'.
For more information on how to set these values, please refer to https://docs.gradle.org/9.3.1/userguide/build_environment.html#sec:configuring_jvm_memory in the Gradle documentation.
To disable this warning, set 'org.gradle.daemon.performance.disable-logging=true'.
> Task :react-native-screens:configureCMakeRelWithDebInfo[x86_64]

Daemon will be stopped at the end of the build after running out of JVM Metaspace

> Task :app:mergeExtDexRelease
> Task :react-native-screens:buildCMakeRelWithDebInfo[x86_64]
> Task :react-native-screens:mergeReleaseJniLibFolders
> Task :react-native-screens:checkKotlinGradlePluginConfigurationErrors SKIPPED
> Task :app:extractProguardFiles
> Task :react-native-screens:generateReleaseBuildConfig
> Task :react-native-screens:generateReleaseResValues
> Task :react-native-screens:mergeReleaseNativeLibs
> Task :react-native-screens:generateReleaseResources
> Task :react-native-screens:copyReleaseJniLibsProjectOnly
> Task :react-native-screens:packageReleaseResources
> Task :react-native-screens:javaPreCompileRelease
> Task :react-native-screens:writeReleaseAarMetadata
> Task :react-native-screens:extractDeepLinksRelease
> Task :react-native-screens:parseReleaseLocalResources
> Task :react-native-screens:generateReleaseRFile
> Task :react-native-screens:prepareReleaseArtProfile
> Task :react-native-screens:processReleaseManifest
> Task :react-native-screens:compileReleaseLibraryResources
> Task :react-native-worklets:configureCMakeRelWithDebInfo[x86_64]
> Task :app:collectReleaseDependencies
> Task :app:sdkReleaseDependencyData
> Task :app:validateSigningRelease
> Task :app:writeReleaseAppMetadata
> Task :app:writeReleaseSigningConfigVersions
> Task :react-native-screens:mergeReleaseShaders
> Task :react-native-screens:compileReleaseShaders NO-SOURCE
> Task :react-native-screens:generateReleaseAssets UP-TO-DATE
> Task :react-native-screens:mergeReleaseAssets
> Task :react-native-screens:extractProguardFiles
> Task :react-native-screens:prepareLintJarForPublish
> Task :react-native-screens:extractDeepLinksForAarRelease
> Task :react-native-screens:writeReleaseLintModelMetadata
> Task :react-native-screens:mapReleaseSourceSetPaths
> Task :react-native-screens:stripReleaseDebugSymbols
> Task :react-native-screens:compileReleaseKotlin
> Task :react-native-worklets:buildCMakeRelWithDebInfo[x86_64][worklets]
> Task :react-native-screens:mergeReleaseResources
> Task :react-native-worklets:externalNativeBuildRelease
> Task :react-native-worklets:generateJsonModelRelease
> Task :react-native-worklets:prefabReleaseConfigurePackage
> Task :react-native-worklets:prefabReleasePackage
> Task :react-native-worklets:mergeReleaseJniLibFolders
> Task :react-native-worklets:checkKotlinGradlePluginConfigurationErrors SKIPPED
> Task :react-native-worklets:generateReleaseBuildConfig
> Task :react-native-worklets:generateReleaseResValues
> Task :react-native-worklets:generateReleaseResources
> Task :react-native-worklets:packageReleaseResources
> Task :react-native-worklets:parseReleaseLocalResources
> Task :react-native-worklets:generateReleaseRFile
> Task :react-native-reanimated:configureCMakeRelWithDebInfo[arm64-v8a]
> Task :expo-modules-core:configureCMakeRelWithDebInfo[arm64-v8a]
> Task :react-native-worklets:mergeReleaseNativeLibs
> Task :react-native-screens:copyReleaseJniLibsProjectAndLocalJars
> Task :react-native-worklets:writeReleaseAarMetadata
> Task :expo:mapReleaseSourceSetPaths
> Task :react-native-gesture-handler:mapReleaseSourceSetPaths
> Task :app:mapReleaseSourceSetPaths
> Task :react-native-worklets:javaPreCompileRelease
> Task :react-native-worklets:compileReleaseKotlin
> Task :react-native-worklets:extractDeepLinksRelease
> Task :react-native-screens:verifyReleaseResources
> Task :react-native-worklets:processReleaseManifest
> Task :react-native-worklets:prepareReleaseArtProfile
> Task :react-native-worklets:compileReleaseLibraryResources
> Task :react-native-worklets:mergeReleaseShaders
> Task :react-native-worklets:compileReleaseShaders NO-SOURCE
> Task :react-native-worklets:generateReleaseAssets UP-TO-DATE
> Task :react-native-worklets:mergeReleaseAssets
> Task :react-native-worklets:extractProguardFiles
> Task :react-native-worklets:prepareLintJarForPublish
> Task :react-native-worklets:copyReleaseJniLibsProjectOnly
> Task :react-native-worklets:extractDeepLinksForAarRelease
> Task :react-native-worklets:writeReleaseLintModelMetadata
> Task :react-native-worklets:mapReleaseSourceSetPaths
> Task :app:checkReleaseAarMetadata
> Task :react-native-worklets:stripReleaseDebugSymbols
> Task :expo:mergeReleaseResources
> Task :react-native-gesture-handler:mergeReleaseResources
> Task :react-native-reanimated:configureCMakeRelWithDebInfo[armeabi-v7a]
> Task :expo-modules-core:buildCMakeRelWithDebInfo[arm64-v8a]
> Task :app:mergeReleaseResources
> Task :react-native-worklets:mergeReleaseResources
> Task :react-native-worklets:copyReleaseJniLibsProjectAndLocalJars
> Task :react-native-worklets:verifyReleaseResources
> Task :react-native-gesture-handler:verifyReleaseResources
> Task :react-native-worklets:compileReleaseJavaWithJavac
> Task :app:processReleaseMainManifest
> Task :react-native-worklets:bundleLibCompileToJarRelease
> Task :react-native-worklets:processReleaseJavaRes
> Task :react-native-worklets:bundleLibRuntimeToJarRelease
> Task :react-native-reanimated:configureCMakeRelWithDebInfo[x86]
> Task :react-native-worklets:bundleLibRuntimeToDirRelease
> Task :react-native-worklets:generateReleaseLintModel
> Task :react-native-worklets:createFullJarRelease
> Task :react-native-worklets:extractReleaseAnnotations
> Task :react-native-worklets:mergeReleaseGeneratedProguardFiles
> Task :react-native-worklets:mergeReleaseConsumerProguardFiles
> Task :react-native-worklets:lintVitalAnalyzeRelease SKIPPED
> Task :react-native-worklets:mergeReleaseJavaResource
> Task :react-native-worklets:generateReleaseLintVitalModel
> Task :expo:verifyReleaseResources
> Task :react-native-reanimated:configureCMakeRelWithDebInfo[x86_64]
> Task :react-native-worklets:syncReleaseLibJars

> Task :app:processReleaseMainManifest
D:\countyGreen\android\app\src\main\AndroidManifest.xml Warning:
	provider#expo.modules.filesystem.FileSystemFileProvider@android:authorities was tagged at AndroidManifest.xml:0 to replace other declarations but no other declaration present

> Task :react-native-worklets:bundleReleaseLocalLintAar

> Task :app:expoReleaseOverrideMaxSdkConflicts
[33m---------- Expo Max Sdk Override Plugin ----------[0m
[32m>>> No 'android:maxSdkVersion' conflicts found[0m
[33m--------------------------------------------------[0m

> Task :app:processReleaseManifest
> Task :react-native-reanimated:generateJsonModelRelease
> Task :react-native-reanimated:prefabReleaseConfigurePackage
> Task :app:processReleaseManifestForPackage
> Task :app:configureCMakeRelWithDebInfo[arm64-v8a]
> Task :react-native-worklets:bundleReleaseAar
> Task :react-native-worklets:assembleRelease
> Task :react-native-gesture-handler:configureCMakeRelWithDebInfo[arm64-v8a]
> Task :react-native-reanimated:buildCMakeRelWithDebInfo[arm64-v8a][reanimated]
> Task :react-native-gesture-handler:configureCMakeRelWithDebInfo[armeabi-v7a]
> Task :app:configureCMakeRelWithDebInfo[armeabi-v7a]

> Task :expo-modules-core:buildCMakeRelWithDebInfo[arm64-v8a]
C/C++: ninja: Entering directory `D:\countyGreen\node_modules\expo-modules-core\android\.cxx\RelWithDebInfo\6l26331x\arm64-v8a'
C/C++: D:/countyGreen/node_modules/expo-modules-core/android/src/main/cpp/fabric/ExpoComponentDescriptorFactory.cpp:17:5: warning: 'RawPropsParser' is deprecated [-Wdeprecated-declarations]
C/C++:    17 |     react::RawPropsParser(/*useRawPropsJsiValue=*/true)
C/C++:       |     ^
C/C++: D:/countyGreen/node_modules/react-native/ReactCommon/react/renderer/core/RawPropsParser.h:31:5: note: 'RawPropsParser' has been explicitly marked deprecated here
C/C++:    31 |   [[deprecated]] explicit RawPropsParser(bool /* ignored */) : RawPropsParser() {}
C/C++:       |     ^
C/C++: 1 warning generated.

> Task :react-native-gesture-handler:configureCMakeRelWithDebInfo[x86]
> Task :react-native-gesture-handler:configureCMakeRelWithDebInfo[x86_64]
> Task :expo-modules-core:configureCMakeRelWithDebInfo[armeabi-v7a]
> Task :app:configureCMakeRelWithDebInfo[x86]
> Task :expo-modules-core:buildCMakeRelWithDebInfo[armeabi-v7a]
> Task :app:configureCMakeRelWithDebInfo[x86_64]
> Task :app:mergeReleaseArtProfile
> Task :app:mergeReleaseAssets
> Task :app:compressReleaseAssets
> Task :app:processReleaseResources

> Task :react-native-screens:compileReleaseKotlin
w: file:///D:/countyGreen/node_modules/react-native-screens/android/src/main/java/com/swmansion/rnscreens/RNScreensPackage.kt:70:9 The corresponding parameter in the supertype 'BaseReactPackage' is named 'name'. This may cause problems when calling this function with named arguments.
w: file:///D:/countyGreen/node_modules/react-native-screens/android/src/main/java/com/swmansion/rnscreens/RNScreensPackage.kt:71:9 The corresponding parameter in the supertype 'BaseReactPackage' is named 'reactContext'. This may cause problems when calling this function with named arguments.
w: file:///D:/countyGreen/node_modules/react-native-screens/android/src/main/java/com/swmansion/rnscreens/RNScreensPackage.kt:83:17 'constructor(name: String, className: String, canOverrideExistingModule: Boolean, needsEagerInit: Boolean, hasConstants: Boolean, isCxxModule: Boolean, isTurboModule: Boolean): ReactModuleInfo' is deprecated. This constructor is deprecated and will be removed in the future. Use ReactModuleInfo(String, String, boolean, boolean, boolean, boolean)].
w: file:///D:/countyGreen/node_modules/react-native-screens/android/src/main/java/com/swmansion/rnscreens/Screen.kt:54:77 Unchecked cast of '(CoordinatorLayout.Behavior<View!>?..CoordinatorLayout.Behavior<*>?)' to 'BottomSheetBehavior<Screen>'.
w: file:///D:/countyGreen/node_modules/react-native-screens/android/src/main/java/com/swmansion/rnscreens/Screen.kt:59:33 'fun getEventDispatcherForReactTag(context: ReactContext, reactTag: Int): EventDispatcher?' is deprecated. reactTag is no longer needed.
w: file:///D:/countyGreen/node_modules/react-native-screens/android/src/main/java/com/swmansion/rnscreens/Screen.kt:516:14 'fun getEventDispatcherForReactTag(context: ReactContext, reactTag: Int): EventDispatcher?' is deprecated. reactTag is no longer needed.
w: file:///D:/countyGreen/node_modules/react-native-screens/android/src/main/java/com/swmansion/rnscreens/ScreenContainer.kt:250:18 'fun getEventDispatcherForReactTag(context: ReactContext, reactTag: Int): EventDispatcher?' is deprecated. reactTag is no longer needed.
w: file:///D:/countyGreen/node_modules/react-native-screens/android/src/main/java/com/swmansion/rnscreens/ScreenContainer.kt:260:18 'fun getEventDispatcherForReactTag(context: ReactContext, reactTag: Int): EventDispatcher?' is deprecated. reactTag is no longer needed.
w: file:///D:/countyGreen/node_modules/react-native-screens/android/src/main/java/com/swmansion/rnscreens/ScreenFragment.kt:225:37 'fun getEventDispatcherForReactTag(context: ReactContext, reactTag: Int): EventDispatcher?' is deprecated. reactTag is no longer needed.
w: file:///D:/countyGreen/node_modules/react-native-screens/android/src/main/java/com/swmansion/rnscreens/ScreenFragment.kt:242:14 'fun getEventDispatcherForReactTag(context: ReactContext, reactTag: Int): EventDispatcher?' is deprecated. reactTag is no longer needed.
w: file:///D:/countyGreen/node_modules/react-native-screens/android/src/main/java/com/swmansion/rnscreens/ScreenFragment.kt:258:22 'fun getEventDispatcherForReactTag(context: ReactContext, reactTag: Int): EventDispatcher?' is deprecated. reactTag is no longer needed.
w: file:///D:/countyGreen/node_modules/react-native-screens/android/src/main/java/com/swmansion/rnscreens/ScreenFragment.kt:327:22 'fun getEventDispatcherForReactTag(context: ReactContext, reactTag: Int): EventDispatcher?' is deprecated. reactTag is no longer needed.
w: file:///D:/countyGreen/node_modules/react-native-screens/android/src/main/java/com/swmansion/rnscreens/ScreenModalFragment.kt:180:22 'fun getEventDispatcherForReactTag(context: ReactContext, reactTag: Int): EventDispatcher?' is deprecated. reactTag is no longer needed.
w: file:///D:/countyGreen/node_modules/react-native-screens/android/src/main/java/com/swmansion/rnscreens/ScreenStack.kt:120:14 'fun getEventDispatcherForReactTag(context: ReactContext, reactTag: Int): EventDispatcher?' is deprecated. reactTag is no longer needed.
w: file:///D:/countyGreen/node_modules/react-native-screens/android/src/main/java/com/swmansion/rnscreens/ScreenStackFragment.kt:173:18 'fun getEventDispatcherForReactTag(context: ReactContext, reactTag: Int): EventDispatcher?' is deprecated. reactTag is no longer needed.
w: file:///D:/countyGreen/node_modules/react-native-screens/android/src/main/java/com/swmansion/rnscreens/ScreenStackFragment.kt:230:31 'var targetElevation: Float' is deprecated. Deprecated in Java.
w: file:///D:/countyGreen/node_modules/react-native-screens/android/src/main/java/com/swmansion/rnscreens/ScreenStackFragment.kt:233:13 'fun setHasOptionsMenu(p0: Boolean): Unit' is deprecated. Deprecated in Java.
w: file:///D:/countyGreen/node_modules/react-native-screens/android/src/main/java/com/swmansion/rnscreens/ScreenStackFragment.kt:443:18 This declaration overrides a deprecated member but is not marked as deprecated itself. Add the '@Deprecated' annotation or suppress the diagnostic.
w: file:///D:/countyGreen/node_modules/react-native-screens/android/src/main/java/com/swmansion/rnscreens/ScreenStackFragment.kt:450:22 'fun onPrepareOptionsMenu(p0: Menu): Unit' is deprecated. Deprecated in Java.
w: file:///D:/countyGreen/node_modules/react-native-screens/android/src/main/java/com/swmansion/rnscreens/ScreenStackFragment.kt:453:18 This declaration overrides a deprecated member but is not marked as deprecated itself. Add the '@Deprecated' annotation or suppress the diagnostic.
w: file:///D:/countyGreen/node_modules/react-native-screens/android/src/main/java/com/swmansion/rnscreens/ScreenStackFragment.kt:458:22 'fun onCreateOptionsMenu(p0: Menu, p1: MenuInflater): Unit' is deprecated. Deprecated in Java.
w: file:///D:/countyGreen/node_modules/react-native-screens/android/src/main/java/com/swmansion/rnscreens/ScreenStackHeaderConfig.kt:199:14 'fun getEventDispatcherForReactTag(context: ReactContext, reactTag: Int): EventDispatcher?' is deprecated. reactTag is no longer needed.
w: file:///D:/countyGreen/node_modules/react-native-screens/android/src/main/java/com/swmansion/rnscreens/ScreenStackHeaderConfig.kt:209:14 'fun getEventDispatcherForReactTag(context: ReactContext, reactTag: Int): EventDispatcher?' is deprecated. reactTag is no longer needed.
w: file:///D:/countyGreen/node_modules/react-native-screens/android/src/main/java/com/swmansion/rnscreens/ScreenWindowTraits.kt:48:42 'fun replaceSystemWindowInsets(p0: Int, p1: Int, p2: Int, p3: Int): @NonNull() WindowInsetsCompat' is deprecated. Deprecated in Java.
w: file:///D:/countyGreen/node_modules/react-native-screens/android/src/main/java/com/swmansion/rnscreens/ScreenWindowTraits.kt:49:39 'val systemWindowInsetLeft: Int' is deprecated. Deprecated in Java.
w: file:///D:/countyGreen/node_modules/react-native-screens/android/src/main/java/com/swmansion/rnscreens/ScreenWindowTraits.kt:51:39 'val systemWindowInsetRight: Int' is deprecated. Deprecated in Java.
w: file:///D:/countyGreen/node_modules/react-native-screens/android/src/main/java/com/swmansion/rnscreens/ScreenWindowTraits.kt:52:39 'val systemWindowInsetBottom: Int' is deprecated. Deprecated in Java.
w: file:///D:/countyGreen/node_modules/react-native-screens/android/src/main/java/com/swmansion/rnscreens/ScreensModule.kt:100:14 'fun getEventDispatcherForReactTag(context: ReactContext, reactTag: Int): EventDispatcher?' is deprecated. reactTag is no longer needed.
w: file:///D:/countyGreen/node_modules/react-native-screens/android/src/main/java/com/swmansion/rnscreens/SearchBarView.kt:137:29 'fun getEventDispatcherForReactTag(context: ReactContext, reactTag: Int): EventDispatcher?' is deprecated. reactTag is no longer needed.
w: file:///D:/countyGreen/node_modules/react-native-screens/android/src/main/java/com/swmansion/rnscreens/bottomsheet/BottomSheetDialogRootView.kt:7:8 'object ReactFeatureFlags : Any' is deprecated. Use com.facebook.react.internal.featureflags.ReactNativeFeatureFlags instead.
w: file:///D:/countyGreen/node_modules/react-native-screens/android/src/main/java/com/swmansion/rnscreens/bottomsheet/BottomSheetDialogRootView.kt:25:13 'object ReactFeatureFlags : Any' is deprecated. Use com.facebook.react.internal.featureflags.ReactNativeFeatureFlags instead.
w: file:///D:/countyGreen/node_modules/react-native-screens/android/src/main/java/com/swmansion/rnscreens/bottomsheet/BottomSheetDialogRootView.kt:32:9 The corresponding parameter in the supertype 'ReactViewGroup' is named 'left'. This may cause problems when calling this function with named arguments.
w: file:///D:/countyGreen/node_modules/react-native-screens/android/src/main/java/com/swmansion/rnscreens/bottomsheet/BottomSheetDialogRootView.kt:33:9 The corresponding parameter in the supertype 'ReactViewGroup' is named 'top'. This may cause problems when calling this function with named arguments.
w: file:///D:/countyGreen/node_modules/react-native-screens/android/src/main/java/com/swmansion/rnscreens/bottomsheet/BottomSheetDialogRootView.kt:34:9 The corresponding parameter in the supertype 'ReactViewGroup' is named 'right'. This may cause problems when calling this function with named arguments.
w: file:///D:/countyGreen/node_modules/react-native-screens/android/src/main/java/com/swmansion/rnscreens/bottomsheet/BottomSheetDialogRootView.kt:35:9 The corresponding parameter in the supertype 'ReactViewGroup' is named 'bottom'. This may cause problems when calling this function with named arguments.
w: file:///D:/countyGreen/node_modules/react-native-screens/android/src/main/java/com/swmansion/rnscreens/bottomsheet/BottomSheetDialogRootView.kt:71:9 The corresponding parameter in the supertype 'RootView' is named 'childView'. This may cause problems when calling this function with named arguments.
w: file:///D:/countyGreen/node_modules/react-native-screens/android/src/main/java/com/swmansion/rnscreens/bottomsheet/BottomSheetDialogRootView.kt:72:9 The corresponding parameter in the supertype 'RootView' is named 'ev'. This may cause problems when calling this function with named arguments.
w: file:///D:/countyGreen/node_modules/react-native-screens/android/src/main/java/com/swmansion/rnscreens/bottomsheet/BottomSheetDialogRootView.kt:79:46 The corresponding parameter in the supertype 'RootView' is named 'ev'. This may cause problems when calling this function with named arguments.
w: file:///D:/countyGreen/node_modules/react-native-screens/android/src/main/java/com/swmansion/rnscreens/bottomsheet/BottomSheetDialogRootView.kt:83:9 The corresponding parameter in the supertype 'RootView' is named 'childView'. This may cause problems when calling this function with named arguments.
w: file:///D:/countyGreen/node_modules/react-native-screens/android/src/main/java/com/swmansion/rnscreens/bottomsheet/BottomSheetDialogRootView.kt:84:9 The corresponding parameter in the supertype 'RootView' is named 'ev'. This may cause problems when calling this function with named arguments.
w: file:///D:/countyGreen/node_modules/react-native-screens/android/src/main/java/com/swmansion/rnscreens/bottomsheet/BottomSheetDialogRootView.kt:95:34 The corresponding parameter in the supertype 'RootView' is named 't'. This may cause problems when calling this function with named arguments.
w: file:///D:/countyGreen/node_modules/react-native-screens/android/src/main/java/com/swmansion/rnscreens/bottomsheet/DimmingView.kt:64:9 The corresponding parameter in the supertype 'ReactCompoundView' is named 'touchX'. This may cause problems when calling this function with named arguments.
w: file:///D:/countyGreen/node_modules/react-native-screens/android/src/main/java/com/swmansion/rnscreens/bottomsheet/DimmingView.kt:65:9 The corresponding parameter in the supertype 'ReactCompoundView' is named 'touchY'. This may cause problems when calling this function with named arguments.
w: file:///D:/countyGreen/node_modules/react-native-screens/android/src/main/java/com/swmansion/rnscreens/bottomsheet/DimmingView.kt:69:9 The corresponding parameter in the supertype 'ReactCompoundViewGroup' is named 'touchX'. This may cause problems when calling this function with named arguments.
w: file:///D:/countyGreen/node_modules/react-native-screens/android/src/main/java/com/swmansion/rnscreens/bottomsheet/DimmingView.kt:70:9 The corresponding parameter in the supertype 'ReactCompoundViewGroup' is named 'touchY'. This may cause problems when calling this function with named arguments.
w: file:///D:/countyGreen/node_modules/react-native-screens/android/src/main/java/com/swmansion/rnscreens/gamma/common/event/BaseEventEmitter.kt:12:38 'fun getEventDispatcherForReactTag(context: ReactContext, reactTag: Int): EventDispatcher?' is deprecated. reactTag is no longer needed.
w: file:///D:/countyGreen/node_modules/react-native-screens/android/src/main/java/com/swmansion/rnscreens/gamma/modals/dimmingview/DimmingView.kt:64:9 The corresponding parameter in the supertype 'ReactCompoundView' is named 'touchX'. This may cause problems when calling this function with named arguments.
w: file:///D:/countyGreen/node_modules/react-native-screens/android/src/main/java/com/swmansion/rnscreens/gamma/modals/dimmingview/DimmingView.kt:65:9 The corresponding parameter in the supertype 'ReactCompoundView' is named 'touchY'. This may cause problems when calling this function with named arguments.
w: file:///D:/countyGreen/node_modules/react-native-screens/android/src/main/java/com/swmansion/rnscreens/gamma/modals/dimmingview/DimmingView.kt:69:9 The corresponding parameter in the supertype 'ReactCompoundViewGroup' is named 'touchX'. This may cause problems when calling this function with named arguments.
w: file:///D:/countyGreen/node_modules/react-native-screens/android/src/main/java/com/swmansion/rnscreens/gamma/modals/dimmingview/DimmingView.kt:70:9 The corresponding parameter in the supertype 'ReactCompoundViewGroup' is named 'touchY'. This may cause problems when calling this function with named arguments.
w: file:///D:/countyGreen/node_modules/react-native-screens/android/src/main/java/com/swmansion/rnscreens/gamma/modals/formsheet/FormSheetContentView.kt:11:8 'object ReactFeatureFlags : Any' is deprecated. Use com.facebook.react.internal.featureflags.ReactNativeFeatureFlags instead.
w: file:///D:/countyGreen/node_modules/react-native-screens/android/src/main/java/com/swmansion/rnscreens/gamma/modals/formsheet/FormSheetContentView.kt:39:33 'fun getEventDispatcher(context: ReactContext, uiManagerType: Int): EventDispatcher?' is deprecated. UIManagerType is no longer needed.
w: file:///D:/countyGreen/node_modules/react-native-screens/android/src/main/java/com/swmansion/rnscreens/gamma/modals/formsheet/FormSheetContentView.kt:44:13 'object ReactFeatureFlags : Any' is deprecated. Use com.facebook.react.internal.featureflags.ReactNativeFeatureFlags instead.
w: file:///D:/countyGreen/node_modules/react-native-screens/android/src/main/java/com/swmansion/rnscreens/gamma/modals/formsheet/FormSheetHostViewManager.kt:38:9 The corresponding parameter in the supertype 'FormSheetHostViewManager' is named 'view'. This may cause problems when calling this function with named arguments.
w: file:///D:/countyGreen/node_modules/react-native-screens/android/src/main/java/com/swmansion/rnscreens/gamma/tabs/host/TabsHostViewManager.kt:44:9 The corresponding parameter in the supertype 'TabsHostViewManager' is named 'view'. This may cause problems when calling this function with named arguments.
w: file:///D:/countyGreen/node_modules/react-native-screens/android/src/main/java/com/swmansion/rnscreens/safearea/SafeAreaView.kt:143:45 'fun consumeDisplayCutout(): @NonNull() WindowInsetsCompat' is deprecated. Deprecated in Java.

> Task :react-native-screens:compileReleaseJavaWithJavac
> Task :app:optimizeReleaseResources
> Task :react-native-screens:processReleaseJavaRes
> Task :react-native-screens:bundleLibRuntimeToJarRelease
> Task :react-native-screens:bundleLibCompileToJarRelease
> Task :react-native-screens:generateReleaseLintModel
> Task :react-native-screens:createFullJarRelease

> Task :expo-modules-core:buildCMakeRelWithDebInfo[armeabi-v7a]
C/C++: ninja: Entering directory `D:\countyGreen\node_modules\expo-modules-core\android\.cxx\RelWithDebInfo\6l26331x\armeabi-v7a'
C/C++: D:/countyGreen/node_modules/expo-modules-core/android/src/main/cpp/fabric/ExpoComponentDescriptorFactory.cpp:17:5: warning: 'RawPropsParser' is deprecated [-Wdeprecated-declarations]
C/C++:    17 |     react::RawPropsParser(/*useRawPropsJsiValue=*/true)
C/C++:       |     ^
C/C++: D:/countyGreen/node_modules/react-native/ReactCommon/react/renderer/core/RawPropsParser.h:31:5: note: 'RawPropsParser' has been explicitly marked deprecated here
C/C++:    31 |   [[deprecated]] explicit RawPropsParser(bool /* ignored */) : RawPropsParser() {}
C/C++:       |     ^
C/C++: 1 warning generated.

> Task :react-native-screens:extractReleaseAnnotations
> Task :react-native-screens:mergeReleaseGeneratedProguardFiles
> Task :react-native-screens:mergeReleaseConsumerProguardFiles
> Task :react-native-screens:bundleLibRuntimeToDirRelease
> Task :react-native-screens:mergeReleaseJavaResource
> Task :react-native-screens:syncReleaseLibJars
> Task :react-native-screens:bundleReleaseLocalLintAar
> Task :react-native-screens:generateReleaseLintVitalModel
> Task :react-native-screens:bundleReleaseAar
> Task :react-native-screens:assembleRelease
> Task :react-native-screens:lintVitalAnalyzeRelease
> Task :expo-modules-core:configureCMakeRelWithDebInfo[x86]
> Task :expo-modules-core:buildCMakeRelWithDebInfo[x86]
C/C++: ninja: Entering directory `D:\countyGreen\node_modules\expo-modules-core\android\.cxx\RelWithDebInfo\6l26331x\x86'
C/C++: D:/countyGreen/node_modules/expo-modules-core/android/src/main/cpp/fabric/ExpoComponentDescriptorFactory.cpp:17:5: warning: 'RawPropsParser' is deprecated [-Wdeprecated-declarations]
C/C++:    17 |     react::RawPropsParser(/*useRawPropsJsiValue=*/true)
C/C++:       |     ^
C/C++: D:/countyGreen/node_modules/react-native/ReactCommon/react/renderer/core/RawPropsParser.h:31:5: note: 'RawPropsParser' has been explicitly marked deprecated here
C/C++:    31 |   [[deprecated]] explicit RawPropsParser(bool /* ignored */) : RawPropsParser() {}
C/C++:       |     ^
C/C++: 1 warning generated.

> Task :expo-modules-core:configureCMakeRelWithDebInfo[x86_64]
> Task :react-native-reanimated:buildCMakeRelWithDebInfo[armeabi-v7a][reanimated]
> Task :expo-modules-core:buildCMakeRelWithDebInfo[x86_64]
C/C++: ninja: Entering directory `D:\countyGreen\node_modules\expo-modules-core\android\.cxx\RelWithDebInfo\6l26331x\x86_64'
C/C++: D:/countyGreen/node_modules/expo-modules-core/android/src/main/cpp/fabric/ExpoComponentDescriptorFactory.cpp:17:5: warning: 'RawPropsParser' is deprecated [-Wdeprecated-declarations]
C/C++:    17 |     react::RawPropsParser(/*useRawPropsJsiValue=*/true)
C/C++:       |     ^
C/C++: D:/countyGreen/node_modules/react-native/ReactCommon/react/renderer/core/RawPropsParser.h:31:5: note: 'RawPropsParser' has been explicitly marked deprecated here
C/C++:    31 |   [[deprecated]] explicit RawPropsParser(bool /* ignored */) : RawPropsParser() {}
C/C++:       |     ^
C/C++: 1 warning generated.
